product_id,cluster_id,gross_margin,z_score
76021459,cluster_1000,0.7939234449760765,2.552690984533335
17019A12,cluster_1003,-12.26086956521739,-2.032181011202027
15041010,cluster_1005,1.0,4.105113068315119
19111010,cluster_1007,0.898989898989899,2.6093476543407133
15191012,cluster_1009,1.0,3.678876449505411
10069C,cluster_1012,1.0,2.017459676682578
10069803,cluster_1012,1.0,2.017459676682578
16301310,cluster_1015,0.39828080229226365,2.8480557759636116
1037115,cluster_1017,0.20569796170475607,-3.7499999999999987
10636556,cluster_1018,0.21068427370948378,-2.253192723611523
10636546,cluster_1018,0.2106782713085234,-2.2532129735428446
10151,cluster_1020,0.17840375586854457,-2.2693722284338715
10724X,cluster_1020,0.24044943820224723,-2.0636043429399487
101511,cluster_1020,0.16258215962441314,-2.3218428642918827
101514,cluster_1020,0.2253922967189729,-2.113539746147099
10065204,cluster_1026,-0.07174400000000006,-2.1000196382965974
10067550,cluster_1026,-0.15879163439194427,-2.320878624771728
37036,cluster_1044,-0.8324022346368714,-2.1225458168162197
16051216,cluster_1046,0.11018363939899835,-2.0048579796127717
54001470,cluster_1060,1.0,2.671719863050984
10655,cluster_1105,0.6075949367088608,2.4815510000223666
57001220,cluster_1115,-0.06862068965517251,-2.289907337077858
52013390,cluster_1116,-0.20111731843575412,-2.6252827614424508
17091317,cluster_1118,-0.9051575931232091,-2.466742316516118
55008120,cluster_1123,1.0,3.633943856725349
53051040,cluster_1131,0.46449704142011833,2.4398309675699954
53051360,cluster_1133,-0.5276521739130435,-3.8074626450164253
20203,cluster_1136,-1.0881599999999998,-3.474685343385639
13329047,cluster_1142,0.23170556552962304,-2.2677868380553634
41109980,cluster_1147,1.0,2.183103334227983
41149990,cluster_1147,1.0,2.183103334227983
310120,cluster_1151,1.0,2.8112185667332836
15101004,cluster_1158,-0.24721603563474373,-2.012496407713151
15109984,cluster_1158,1.0,3.9695322056060216
321000,cluster_1168,1.0,2.936894232968393
59999999,cluster_1173,-30.155778894472363,-2.666534614673133
160072,cluster_1183,1.0,2.661791923302578
13209157,cluster_1192,1.0,2.5866111355937944
47054160,cluster_1198,-0.22315384615384617,-2.4616983787877866
43029990,cluster_1203,1.0,3.074688739802904
43021190,cluster_1203,1.0,3.074688739802904
22126,cluster_1207,1.0,2.7325994908599402
82011350,cluster_1217,1.0,2.532956086004737
82011350,cluster_1217,1.0,2.532956086004737
44031060,cluster_1222,0.3836477987421384,3.226680228266026
620054,cluster_1224,1.0,2.0170286622762315
190827,cluster_1229,1.0,2.2677049508314018
14193574,cluster_1235,-0.04005340453938582,-2.184070933253531
13191024,cluster_1236,-0.39941569282136896,-2.4593969291139994
45129990,cluster_1249,1.0,3.134237411063
45081010,cluster_1249,-0.3662626262626263,-2.454135363072867
140030,cluster_1252,1.0,3.1700695877883107
44211060,cluster_1253,-0.2344827586206897,-2.0235387648344836
1317712,cluster_1266,1.0,2.6100648569217824
128018,cluster_1268,1.0,2.0405646934413233
250070,cluster_1274,1.0,2.267786838055364
44201010,cluster_1278,-0.5861904761904763,-3.383957997840432
190801,cluster_1281,1.0,2.2666069225086645
13110B,cluster_1310,0.27390041493775935,-2.2677868380553634
144151,cluster_1326,1.0,2.1370210102631972
144141,cluster_1326,1.0,2.1370210102631972
144165,cluster_1333,1.0,2.266228418902863
143100,cluster_1337,1.0,2.9019765893388967
141160,cluster_1339,1.0,2.0370978573956213
15223397,cluster_136,-0.4825751072961374,-2.2596413579584733
1012596,cluster_156,1.0,2.230871511365895
20021,cluster_162,1.0,2.474655452603248
744075,cluster_174,0.21480144404332138,-2.2677868380553634
84200,cluster_180,1.0,2.6033180219564973
78002,cluster_192,0.3489932885906041,2.0759152172375703
10387012,cluster_195,1.0,2.0412129397067424
52161010,cluster_196,1.0,2.8765661885833844
10164577,cluster_198,0.21702525724976618,-2.931403981467803
10164575,cluster_198,0.22057142857142853,-2.9166558886414458
50130548,cluster_202,0.2839231873653984,-2.2677868380553634
75051789,cluster_210,0.1901914580265096,2.067920945127194
46081080,cluster_235,-0.043165467625899324,-2.146037065422229
17091590,cluster_245,1.0,2.9219874399311054
180005,cluster_250,1.0,2.0066394611450833
622366,cluster_266,1.0,2.467798166550745
150007,cluster_267,1.0,2.6207488892727686
10233350,cluster_270,-0.6101694915254238,-2.4956807239469208
16061056,cluster_29,-0.6667224080267559,-2.2868743560138296
83791,cluster_299,-1.5454500000000002,-2.1521816609994624
30004,cluster_303,-3.925650557620818,-2.302428047174704
30003,cluster_303,-3.925650557620818,-2.302428047174704
52009980,cluster_317,1.0,2.1505734227950866
52101280,cluster_318,0.013529411764705885,-2.670611231304397
153700005,cluster_322,1.0,2.6399325935144784
9503524,cluster_348,1.0,2.2458851058194567
15030005,cluster_350,-4.477826086956521,-2.023660967935634
15004032,cluster_351,0.33834586466165417,-2.4748737341529163
15010182,cluster_352,1.0,2.3284971732114204
15010181,cluster_352,1.0,2.3284971732114204
54051040,cluster_385,-0.811743119266055,-3.592969228596819
10042404,cluster_395,1.0,3.4182274566756234
1832633,cluster_407,0.2267234600262123,-2.474873734152917
10440PK,cluster_408,-3.5,-3.342680888574373
71202,cluster_429,0.9149249886346416,2.118384477981299
21061,cluster_430,1.0,2.618089914812632
22199,cluster_437,-1.7414563106796117,-2.7990278985773402
11301001,cluster_448,0.03420537897310511,-2.1026375282782075
13021002,cluster_462,-0.1639344262295082,-2.855195823555813
10437100,cluster_470,0.3527240143369175,-2.041241452319315
10448PZ,cluster_473,0.23122238586156116,-2.0412414523193148
10304T1,cluster_494,0.21816386969397836,-2.4748737341529163
13209S,cluster_501,0.326241134751773,-2.041241452319315
11121024,cluster_516,1.0,2.7121471955680354
11121034,cluster_516,0.9871794871794871,2.669117382528501
10209,cluster_518,0.14145383104125733,-2.304165861353483
10206,cluster_518,0.1616444444444444,-2.239777224728383
53063610,cluster_530,0.5617977528089888,2.2921363886630357
53063610,cluster_530,0.5617977528089888,2.2921363886630357
10165391,cluster_548,0.24193548387096772,-2.267786838055364
121426,cluster_550,1.0,2.5011278009314863
11193574,cluster_554,1.0,3.7410847749287006
18014850,cluster_559,0.36474164133738607,2.471957384281459
18003420,cluster_559,0.012048192771084437,-2.1724281384769126
18004544,cluster_562,0.3799283154121864,2.132351516423329
10225784,cluster_565,0.17857142857142858,-2.4748737341529163
290234,cluster_578,1.0,2.470859741952325
13181130,cluster_589,1.0,2.6450348771703776
11121013,cluster_604,0.1656626506024096,2.293714408540674
13332,cluster_614,0.23363802559414984,-2.1408720964441885
13332,cluster_614,0.23363802559414984,-2.1408720964441885
40476,cluster_62,0.255561797752809,-2.041241452319315
1060A1AU,cluster_620,0.11538461538461527,-2.011352732334493
50130124,cluster_64,1.0,2.040810566753596
22059465,cluster_640,0.22263681592039794,-2.6666666666666665
15181620,cluster_642,0.32253521126760565,2.203181364272707
13946A,cluster_644,0.23214285714285712,-2.666666666666667
10256,cluster_651,1.0,2.3700704774243877
17201376,cluster_665,1.0,2.2515669414593993
1834050,cluster_669,0.23346499102333942,-2.6666666666666674
97466740,cluster_671,1.0,3.1714397740517373
182293,cluster_675,1.0,2.146058780064633
17866977,cluster_704,0.25449101796407175,-2.0271230995645966
17867A,cluster_704,0.10769230769230767,-2.5286485401477727
17868,cluster_704,0.2516410256410256,-2.0368598585104234
1787105,cluster_707,-19.00173913043478,-8.164262950907986
17844950,cluster_714,0.42279069767441857,-2.474873734152917
170048,cluster_715,0.30882352941176466,-2.4748737341529154
17853A,cluster_717,0.338235294117647,-2.774774475732364
17853A,cluster_717,0.4117647058823529,-2.420514212862761
17853S,cluster_717,0.4727272727272727,-2.126800249465417
17005D,cluster_718,-10.82608695652174,-4.356451864752773
1233034,cluster_725,0.21432715551974219,-2.041241452319315
17001C1,cluster_728,0.2716535433070866,-2.092471033932876
1024172,cluster_732,0.1919831223628692,-2.0072790485529346
13181055,cluster_739,0.31769722814498935,2.7844315903407866
13181055,cluster_739,0.31769722814498935,2.7844315903407866
13101004,cluster_741,1.0,2.9707095874107092
13081201,cluster_744,0.3290488431876607,2.162080523838612
100743,cluster_748,0.05789052069425904,-2.041241452319315
83300,cluster_752,1.0,3.0853176026617497
1300280,cluster_759,0.31016042780748665,-4.364357804719847
78289989,cluster_764,0.9598393574297188,2.2558640024968213
78293470,cluster_764,1.0,2.3767509168017886
21220,cluster_775,0.05685618729097002,-2.639505876988632
240032,cluster_783,1.0,2.0090851969366534
11301022,cluster_797,-0.21943573667711605,-3.1759621513435445
74504759,cluster_805,0.2984409799554566,2.366922355219696
74261269,cluster_812,-0.08591885441527432,-2.664440384887749
16041176,cluster_822,-0.08068136272545082,-2.041235371807416
212341,cluster_827,1.0,2.8320340264406845
16021054,cluster_840,-0.39582260371959943,-2.100331940110624
86294800,cluster_851,0.4481743227326266,2.5822788319297305
11122,cluster_865,0.15660642570281133,-2.041241452319315
99993,cluster_873,1.0,2.2922229887268726
13191490,cluster_887,-0.23690423162583515,-2.678887137042118
64009980,cluster_890,-0.5353535353535354,-2.164750647721148
64009980,cluster_890,-0.5353535353535354,-2.164750647721148
15023575,cluster_911,1.0,3.4577848368017228
17061011,cluster_913,-0.19817453963170528,-2.5016915263978525
70001459,cluster_928,0.8876404494382023,2.157601513178125
21070204,cluster_930,1.0,2.0723386357303775
17020K1,cluster_942,0.2591362126245847,-3.1754264805429413
10544011,cluster_944,1.0,4.0015566043143
10544011,cluster_947,1.0,4.001556604314301
210595,cluster_949,1.0,2.323184504997446
16207PF,cluster_976,1.0,2.2548415602161906
17059001,cluster_986,0.08360128617363337,2.0412409864333085
1706388,cluster_997,1.0,2.9447556624892393
1706388,cluster_998,1.0,2.0142571788952224
