product_code,cluster,cluster_id
920207,-1,noise
184001,-1,noise
89042,-1,noise
95052680,-1,noise
31311,-1,noise
62720,-1,noise
18130181,-1,noise
20480,-1,noise
454050,-1,noise
41,-1,noise
250366,-1,noise
73820,-1,noise
72820,-1,noise
72830,-1,noise
531620,-1,noise
72010,-1,noise
72012,-1,noise
72013,-1,noise
45,-1,noise
84091,-1,noise
520023,-1,noise
620056,-1,noise
72130,-1,noise
70300,-1,noise
70020,-1,noise
1220,-1,noise
84410,-1,noise
56,-1,noise
532630,-1,noise
71050,-1,noise
71910,-1,noise
620032,-1,noise
40,-1,noise
72081,-1,noise
72321,-1,noise
72322,-1,noise
72330,-1,noise
310130,-1,noise
620033,-1,noise
620061,-1,noise
620662,-1,noise
620164,-1,noise
620059,-1,noise
99995,-1,noise
72272,-1,noise
85440,-1,noise
590034,-1,noise
190444,-1,noise
22177240,-1,noise
19990550,-1,noise
180034,-1,noise
72630,-1,noise
72150,-1,noise
720008,-1,noise
70760,-1,noise
70830,-1,noise
450083,-1,noise
52301220,-1,noise
399810,-1,noise
83090,-1,noise
83470,-1,noise
451047,-1,noise
70560,-1,noise
620034,-1,noise
96041,-1,noise
ADJ,-1,noise
94084730,-1,noise
900076,-1,noise
55663,-1,noise
83370,-1,noise
740888,-1,noise
81010,-1,noise
920266,-1,noise
6,-1,noise
96622900,-1,noise
84243,-1,noise
86700,-1,noise
310140,-1,noise
190303,-1,noise
190313,-1,noise
31010,-1,noise
83990,-1,noise
720115,-1,noise
610001,-1,noise
50140201,-1,noise
96404740,-1,noise
80019,-1,noise
13159984,-1,noise
190067,-1,noise
620941,-1,noise
50130570,-1,noise
50130599,-1,noise
440150,-1,noise
620148,-1,noise
620169,-1,noise
44525240,-1,noise
44622090,-1,noise
84650,-1,noise
280140,-1,noise
250125,-1,noise
44341150,-1,noise
44341570,-1,noise
44343630,-1,noise
44341980,-1,noise
44341060,-1,noise
17201176,-1,noise
50003390,-1,noise
13852,-1,noise
13853,-1,noise
290266,-1,noise
94219,-1,noise
94741,-1,noise
134325,-1,noise
13860154,-1,noise
290242,-1,noise
290650,-1,noise
138PB351,-1,noise
290226,-1,noise
290256,-1,noise
290265,-1,noise
236483,-1,noise
37880129,-1,noise
13802014,-1,noise
235223,-1,noise
290234,-1,noise
290235,-1,noise
920234,-1,noise
138309,-1,noise
138325,-1,noise
13830483,-1,noise
13834,-1,noise
138027,-1,noise
13810,-1,noise
1387430,-1,noise
290253,-1,noise
18064765,-1,noise
1387482,-1,noise
37880503,-1,noise
292171,-1,noise
13832015,-1,noise
14006,-1,noise
37999101,-1,noise
37215268,-1,noise
82739990,-1,noise
290254,-1,noise
37181340,-1,noise
13955008,-1,noise
13857A,-1,noise
14005,-1,noise
1302222,-1,noise
13750D,-1,noise
99492B,-1,noise
99492W,-1,noise
99491W,-1,noise
18416356,-1,noise
146020,-1,noise
15191002,-1,noise
15193354,-1,noise
82380,-1,noise
909091,-1,noise
620071,-1,noise
84460,-1,noise
901091,-1,noise
85070,-1,noise
900094,-1,noise
83312,-1,noise
94109,-1,noise
718753,-1,noise
610002,-1,noise
31151,-1,noise
97215600,-1,noise
50120152,-1,noise
90305,-1,noise
42100,-1,noise
190038,-1,noise
SP1314,-1,noise
SP1321,-1,noise
49030,-1,noise
49030,-1,noise
12941000,-1,noise
12940000,-1,noise
44003,-1,noise
43340,-1,noise
190037,-1,noise
34094,-1,noise
40380,-1,noise
12410406,-1,noise
41580,-1,noise
42920,-1,noise
180015,-1,noise
15441,-1,noise
42900,-1,noise
180013,-1,noise
30371,-1,noise
43331,-1,noise
15000500,-1,noise
15000590,-1,noise
15000910,-1,noise
15000400,-1,noise
10171072,-1,noise
41770,-1,noise
118003,-1,noise
18200301,-1,noise
18100808,-1,noise
18134610,-1,noise
19202000,-1,noise
190602,-1,noise
90150,-1,noise
190310,-1,noise
190010,-1,noise
19009400,-1,noise
19204004,-1,noise
19010001,-1,noise
11100500,-1,noise
11110401,-1,noise
190861,-1,noise
11910000,-1,noise
11200010,-1,noise
11399000,-1,noise
11200500,-1,noise
11310510,-1,noise
11311414,-1,noise
11310422,-1,noise
11321000,-1,noise
11321440,-1,noise
41500,-1,noise
30332,-1,noise
48501,-1,noise
11600400,-1,noise
11500404,-1,noise
11300408,-1,noise
11401009,-1,noise
42610,-1,noise
15124335,-1,noise
15110101,-1,noise
44215,-1,noise
12000412,-1,noise
190035,-1,noise
190036,-1,noise
190025,-1,noise
15000418,-1,noise
19550000,-1,noise
45350,-1,noise
19541000,-1,noise
13802714,-1,noise
13515006,-1,noise
40083,-1,noise
17101412,-1,noise
17100515,-1,noise
17100514,-1,noise
41400,-1,noise
41270,-1,noise
14449000,-1,noise
11111407,-1,noise
83780,-1,noise
18480041,-1,noise
97605880,-1,noise
18481001,-1,noise
18481091,-1,noise
18488051,-1,noise
190211,-1,noise
18200012,-1,noise
18273230,-1,noise
18200500,-1,noise
190039,-1,noise
18260001,-1,noise
18260002,-1,noise
18200185,-1,noise
18230008,-1,noise
18260003,-1,noise
1810091,-1,noise
18160004,-1,noise
18210500,-1,noise
18265005,-1,noise
18218000,-1,noise
18230080,-1,noise
18140090,-1,noise
18230000,-1,noise
18100601,-1,noise
18140091,-1,noise
SP100,-1,noise
18500003,-1,noise
18140421,-1,noise
18140004,-1,noise
18110441,-1,noise
18103041,-1,noise
18198041,-1,noise
18100159,-1,noise
18100006,-1,noise
18100406,-1,noise
18119073,-1,noise
18100641,-1,noise
18110541,-1,noise
18100531,-1,noise
18101106,-1,noise
18140541,-1,noise
18218007,-1,noise
18100921,-1,noise
18110051,-1,noise
18110061,-1,noise
18110081,-1,noise
18100121,-1,noise
13820121,-1,noise
18100610,-1,noise
18180010,-1,noise
18534002,-1,noise
18534003,-1,noise
190751,-1,noise
190803,-1,noise
190802,-1,noise
180112,-1,noise
18130211,-1,noise
46160,-1,noise
12510200,-1,noise
46200,-1,noise
40617,-1,noise
10095470,-1,noise
190601,-1,noise
46970,-1,noise
190001,-1,noise
14910000,-1,noise
19010000,-1,noise
190023,-1,noise
11000002,-1,noise
12168,-1,noise
32168,-1,noise
33168,-1,noise
41320,-1,noise
19210015,-1,noise
19800000,-1,noise
SP141,-1,noise
190043,-1,noise
45800,-1,noise
30267,-1,noise
14240802,-1,noise
14240400,-1,noise
190022,-1,noise
42710,-1,noise
42700,-1,noise
32212,-1,noise
19210100,-1,noise
43120,-1,noise
190181,-1,noise
180150,-1,noise
44380,-1,noise
13410600,-1,noise
13000906,-1,noise
144014,-1,noise
13420006,-1,noise
42903,-1,noise
SP1333,-1,noise
94572,-1,noise
19020040,-1,noise
42430,-1,noise
156000,-1,noise
19900002,-1,noise
SP131,-1,noise
16606139,-1,noise
16290110,-1,noise
16290090,-1,noise
16280200,-1,noise
16200600,-1,noise
19410001,-1,noise
46800,-1,noise
19410000,-1,noise
43540,-1,noise
SP139,-1,noise
190016,-1,noise
18106021,-1,noise
49010,-1,noise
190032,-1,noise
SP1027,-1,noise
SP114,-1,noise
SP1141,-1,noise
190755,-1,noise
190807,-1,noise
190072,-1,noise
190817,-1,noise
190031,-1,noise
47001,-1,noise
47000,-1,noise
190041,-1,noise
190011,-1,noise
193001,-1,noise
SP1026,-1,noise
190179,-1,noise
190006,-1,noise
11910404,-1,noise
41620,-1,noise
19550066,-1,noise
41740,-1,noise
16312000,-1,noise
16308000,-1,noise
16311400,-1,noise
16310412,-1,noise
16311401,-1,noise
16310023,-1,noise
16300500,-1,noise
10151400,-1,noise
SP1460,-1,noise
19630025,-1,noise
190009,-1,noise
97735830,-1,noise
12000401,-1,noise
12000600,-1,noise
43770,-1,noise
40201,-1,noise
12321414,-1,noise
12110408,-1,noise
12110116,-1,noise
12140540,-1,noise
12101514,-1,noise
12100514,-1,noise
12100800,-1,noise
12320110,-1,noise
43700,-1,noise
12350118,-1,noise
12131415,-1,noise
13142005,-1,noise
12131044,-1,noise
SP1322,-1,noise
SP1822,-1,noise
41552,-1,noise
14100400,-1,noise
14400512,-1,noise
14440414,-1,noise
14472300,-1,noise
14400200,-1,noise
14600000,-1,noise
10010000,-1,noise
SP130,-1,noise
34098,-1,noise
40366,-1,noise
46920,-1,noise
13301900,-1,noise
35174,-1,noise
46000,-1,noise
46000,-1,noise
13309602,-1,noise
13301623,-1,noise
41501,-1,noise
160007,-1,noise
160003,-1,noise
160004,-1,noise
46700,-1,noise
13810400,-1,noise
19540174,-1,noise
140087,-1,noise
11300406,-1,noise
19900000,-1,noise
13600210,-1,noise
198020,-1,noise
190008,-1,noise
19500001,-1,noise
10001000,-1,noise
41951,-1,noise
19080000,-1,noise
190050,-1,noise
19081000,-1,noise
19550100,-1,noise
13114800,-1,noise
19541060,-1,noise
45900,-1,noise
46061,-1,noise
14280,-1,noise
1568413,-1,noise
13400617,-1,noise
13430620,-1,noise
13400499,-1,noise
13400501,-1,noise
13400900,-1,noise
13400011,-1,noise
13410401,-1,noise
13439616,-1,noise
13420606,-1,noise
13439618,-1,noise
13420314,-1,noise
13490400,-1,noise
140001,-1,noise
194102,-1,noise
1378,-1,noise
81378,-1,noise
184002,-1,noise
42801,-1,noise
42801,-1,noise
19511000,-1,noise
40610,-1,noise
19019000,-1,noise
144059,-1,noise
13000950,-1,noise
13101206,-1,noise
13000409,-1,noise
13000609,-1,noise
13000201,-1,noise
13101110,-1,noise
13102408,-1,noise
13111422,-1,noise
13111420,-1,noise
13104208,-1,noise
13101114,-1,noise
140100,-1,noise
13000780,-1,noise
13001604,-1,noise
13001304,-1,noise
4084,-1,noise
40000,-1,noise
40012,-1,noise
13000001,-1,noise
13000405,-1,noise
13000411,-1,noise
13191000,-1,noise
13105704,-1,noise
140015,-1,noise
144005,-1,noise
140004,-1,noise
140801,-1,noise
142050,-1,noise
140054,-1,noise
140017,-1,noise
140049,-1,noise
13000407,-1,noise
128008,-1,noise
140011,-1,noise
19610000,-1,noise
180340,-1,noise
13630600,-1,noise
13620403,-1,noise
13600513,-1,noise
13699222,-1,noise
13600214,-1,noise
44210,-1,noise
44201,-1,noise
13640600,-1,noise
141001,-1,noise
19955000,-1,noise
19990050,-1,noise
SP125,-1,noise
19990090,-1,noise
45002,-1,noise
19910000,-1,noise
19960115,-1,noise
97415880,-1,noise
22101,-1,noise
22113,-1,noise
22110,-1,noise
31022,-1,noise
340440,-1,noise
43022010,-1,noise
43022080,-1,noise
82081440,-1,noise
43251060,-1,noise
43001090,-1,noise
43005650,-1,noise
43005500,-1,noise
43004820,-1,noise
43004510,-1,noise
43005490,-1,noise
43011010,-1,noise
43014650,-1,noise
84421,-1,noise
10439,-1,noise
10429920,-1,noise
10430006,-1,noise
10429981,-1,noise
10429971,-1,noise
10429975,-1,noise
10429983,-1,noise
41770,-1,noise
1010884,-1,noise
10388100,-1,noise
10388656,-1,noise
10388106,-1,noise
10388048,-1,noise
10380188,-1,noise
10871004,-1,noise
1087A1CS,-1,noise
1087876,-1,noise
1087HCAN,-1,noise
1087A2EX,-1,noise
1087456,-1,noise
1087A2CS,-1,noise
1087A118,-1,noise
10802024,-1,noise
10870544,-1,noise
10870532,-1,noise
10089894,-1,noise
103672,-1,noise
10424G,-1,noise
104361,-1,noise
10125950,-1,noise
41000,-1,noise
1039031,-1,noise
10390555,-1,noise
1039922,-1,noise
1039NRAM,-1,noise
1040A0PK,-1,noise
1039A100,-1,noise
1039922,-1,noise
1040A0PK,-1,noise
10426F,-1,noise
10487C,-1,noise
10486501,-1,noise
1040920,-1,noise
1042234,-1,noise
1040953,-1,noise
97351900,-1,noise
10388055,-1,noise
10164952,-1,noise
10189894,-1,noise
10181523,-1,noise
10443876,-1,noise
1044309,-1,noise
1026174H,-1,noise
1026AR2,-1,noise
10261061,-1,noise
10260119,-1,noise
10261020,-1,noise
10261972,-1,noise
1026953,-1,noise
1027767,-1,noise
10286,-1,noise
1028A2IB,-1,noise
10287,-1,noise
10288,-1,noise
1035A212,-1,noise
1035A2AU,-1,noise
1035A2B5,-1,noise
1035A2B3,-1,noise
1036862,-1,noise
10356030,-1,noise
10350349,-1,noise
10357022,-1,noise
10308738,-1,noise
1030A2I1,-1,noise
1030A2IB,-1,noise
1033NRSK,-1,noise
10295,-1,noise
1030A6G3,-1,noise
10300133,-1,noise
1030A1C1,-1,noise
10300136,-1,noise
10310963,-1,noise
10310962,-1,noise
10310994,-1,noise
1031076,-1,noise
1031105,-1,noise
1003857,-1,noise
10432I,-1,noise
104321Z,-1,noise
1043202,-1,noise
1043334,-1,noise
10516170,-1,noise
10512100,-1,noise
10517823,-1,noise
10517166,-1,noise
10517818,-1,noise
5009988,-1,noise
50099131,-1,noise
5009988,-1,noise
10590019,-1,noise
1088385,-1,noise
10545002,-1,noise
10425,-1,noise
10426,-1,noise
97405880,-1,noise
10169901,-1,noise
10169437,-1,noise
1015283,-1,noise
10039010,-1,noise
1003A2I1,-1,noise
10040015,-1,noise
10040002,-1,noise
1006532,-1,noise
1006534,-1,noise
1006512,-1,noise
1006A200,-1,noise
10194,-1,noise
10038191,-1,noise
1020662,-1,noise
1085A1AM,-1,noise
1026A25S,-1,noise
10201112,-1,noise
1026A202,-1,noise
10240190,-1,noise
1084165,-1,noise
10230886,-1,noise
10229080,-1,noise
10235,-1,noise
10214B,-1,noise
102145,-1,noise
10292,-1,noise
1021085,-1,noise
1021419,-1,noise
1021A112,-1,noise
1060A616,-1,noise
10605155,-1,noise
1060A2AA,-1,noise
1060A612,-1,noise
1060A624,-1,noise
1060A625,-1,noise
1060A615,-1,noise
1060A2PM,-1,noise
106308,-1,noise
10605164,-1,noise
10604109,-1,noise
10604878,-1,noise
106051,-1,noise
105476,-1,noise
10086248,-1,noise
10086,-1,noise
1008632,-1,noise
10159712,-1,noise
10170474,-1,noise
10170441,-1,noise
10170455,-1,noise
101511,-1,noise
10151341,-1,noise
1072A111,-1,noise
1072A111,-1,noise
10724S,-1,noise
10162,-1,noise
10082968,-1,noise
10144985,-1,noise
102202,-1,noise
10149914,-1,noise
1014A2CS,-1,noise
10142224,-1,noise
1014BLR,-1,noise
1014ANI5,-1,noise
10599110,-1,noise
101445,-1,noise
1014B1IC,-1,noise
10160100,-1,noise
1012204,-1,noise
1012301,-1,noise
10127023,-1,noise
10127005,-1,noise
10123045,-1,noise
10161512,-1,noise
1016A2G5,-1,noise
1016812,-1,noise
10234568,-1,noise
101244,-1,noise
10123810,-1,noise
10371174,-1,noise
10371175,-1,noise
10599187,-1,noise
10599188,-1,noise
10599202,-1,noise
10123810,-1,noise
1012412,-1,noise
10636689,-1,noise
1042202,-1,noise
100730,-1,noise
101604,-1,noise
10329966,-1,noise
10040100,-1,noise
1004140,-1,noise
1004081,-1,noise
10067561,-1,noise
10067508,-1,noise
10065760,-1,noise
10067011,-1,noise
10371010,-1,noise
10260892,-1,noise
102612BB,-1,noise
1028307,-1,noise
10305846,-1,noise
10305930,-1,noise
1037806,-1,noise
1037190,-1,noise
1030A201,-1,noise
10185240,-1,noise
10875281,-1,noise
10038165,-1,noise
10038368,-1,noise
1016510,-1,noise
1044511,-1,noise
10443522,-1,noise
10490223,-1,noise
104239,-1,noise
104237,-1,noise
10427,-1,noise
10389980,-1,noise
1006490,-1,noise
101724,-1,noise
1006860,-1,noise
1006871,-1,noise
10277510,-1,noise
10100000,-1,noise
1998677,-1,noise
10519989,-1,noise
22018,-1,noise
22019,-1,noise
12510000,-1,noise
90801432,-1,noise
71562250,-1,noise
71525220,-1,noise
10416G1,-1,noise
71244000,-1,noise
71103000,-1,noise
71562252,-1,noise
71720500,-1,noise
88780,-1,noise
210002,-1,noise
62063,-1,noise
625584,-1,noise
48013570,-1,noise
96725890,-1,noise
96705940,-1,noise
51011,-1,noise
77084369,-1,noise
99190,-1,noise
60202250,-1,noise
78679980,-1,noise
620072,-1,noise
72114000,-1,noise
20214B,-1,noise
34000,-1,noise
1834073Z,-1,noise
37,-1,noise
41651900,-1,noise
4079,-1,noise
32625,-1,noise
420810,-1,noise
207900012,-1,noise
40289990,-1,noise
78472219,-1,noise
84553,-1,noise
31090,-1,noise
170003,-1,noise
34096,-1,noise
22616300,-1,noise
22583500,-1,noise
22520600,-1,noise
22559000,-1,noise
22557100,-1,noise
22577900,-1,noise
22505467,-1,noise
22506000,-1,noise
22616100,-1,noise
78004369,-1,noise
78001789,-1,noise
94405070,-1,noise
82352950,-1,noise
97635880,-1,noise
902712,-1,noise
92201,-1,noise
94201,-1,noise
98154,-1,noise
84311,-1,noise
82143,-1,noise
70800,-1,noise
920219,-1,noise
63011770,-1,noise
53054800,-1,noise
53155540,-1,noise
53051890,-1,noise
53051280,-1,noise
53851040,-1,noise
211023,-1,noise
207900040,-1,noise
110120,-1,noise
12011004,-1,noise
12071001,-1,noise
12013563,-1,noise
12011160,-1,noise
12011876,-1,noise
920212,-1,noise
12211024,-1,noise
110004,-1,noise
72085890,-1,noise
1391437,-1,noise
72088N,-1,noise
72047,-1,noise
7204020,-1,noise
720852,-1,noise
720768,-1,noise
7204406,-1,noise
454085,-1,noise
456136,-1,noise
31120,-1,noise
90342127,-1,noise
90342113,-1,noise
90342126,-1,noise
90342124,-1,noise
96040,-1,noise
620175,-1,noise
190819,-1,noise
22089H1,-1,noise
70129989,-1,noise
454215,-1,noise
71103010,-1,noise
454232,-1,noise
620076,-1,noise
620078,-1,noise
45710,-1,noise
97872895,-1,noise
25380,-1,noise
105409,-1,noise
SP1113,-1,noise
46081150,-1,noise
46081010,-1,noise
46091150,-1,noise
46091920,-1,noise
46092420,-1,noise
15323380,-1,noise
96032,-1,noise
78562219,-1,noise
29404000,-1,noise
50130015,-1,noise
5014421,-1,noise
501441,-1,noise
83860,-1,noise
78012419,-1,noise
19990,-1,noise
62323,-1,noise
32430001,-1,noise
994691,-1,noise
31210,-1,noise
22046,-1,noise
22694,-1,noise
22ND015,-1,noise
1901074,-1,noise
1901080,-1,noise
29084000,-1,noise
620421,-1,noise
94913500,-1,noise
97487780,-1,noise
97480780,-1,noise
82500,-1,noise
10176C,-1,noise
12252C,-1,noise
132216,-1,noise
417300,-1,noise
420111,-1,noise
410630,-1,noise
70015829,-1,noise
513512,-1,noise
70029981,-1,noise
70004420,-1,noise
80110,-1,noise
80111,-1,noise
82070,-1,noise
70091309,-1,noise
920250,-1,noise
15132002,-1,noise
410056,-1,noise
99987,-1,noise
531260,-1,noise
44094160,-1,noise
453017,-1,noise
450024,-1,noise
458993,-1,noise
163117,-1,noise
85371,-1,noise
501305,-1,noise
85425,-1,noise
4005,-1,noise
10089980,-1,noise
10081010,-1,noise
10081020,-1,noise
10083350,-1,noise
40011530,-1,noise
92406100,-1,noise
92401300,-1,noise
94039980,-1,noise
92111220,-1,noise
92478900,-1,noise
85353,-1,noise
92457780,-1,noise
83901,-1,noise
86418,-1,noise
94009980,-1,noise
94029980,-1,noise
94019982,-1,noise
96617430,-1,noise
96621030,-1,noise
96617530,-1,noise
31250,-1,noise
19305910,-1,noise
21121120,-1,noise
21102140,-1,noise
21172060,-1,noise
21102071,-1,noise
21132104,-1,noise
21121071,-1,noise
21112110,-1,noise
21121010,-1,noise
21198016,-1,noise
21103081,-1,noise
99996,-1,noise
10225,-1,noise
29104000,-1,noise
22420100,-1,noise
22583300,-1,noise
22525700,-1,noise
22618800,-1,noise
22610400,-1,noise
22537300,-1,noise
22670500,-1,noise
SP334,-1,noise
23110012,-1,noise
23136012,-1,noise
23110017,-1,noise
23015254,-1,noise
23015300,-1,noise
23110211,-1,noise
20101234,-1,noise
23242023,-1,noise
23421015,-1,noise
23120114,-1,noise
23175050,-1,noise
23904053,-1,noise
23142065,-1,noise
23148060,-1,noise
23144061,-1,noise
23255080,-1,noise
23272980,-1,noise
10234,-1,noise
10235,-1,noise
310001,-1,noise
310011,-1,noise
23355001,-1,noise
23282900,-1,noise
23282990,-1,noise
23990000,-1,noise
22586321,-1,noise
23004006,-1,noise
23495112,-1,noise
310550,-1,noise
310027,-1,noise
10850,-1,noise
310836,-1,noise
84212,-1,noise
SP3261,-1,noise
23245900,-1,noise
310287,-1,noise
23485470,-1,noise
23595000,-1,noise
310461,-1,noise
23304006,-1,noise
23342600,-1,noise
23335300,-1,noise
23495000,-1,noise
23345308,-1,noise
23345400,-1,noise
23594007,-1,noise
23395000,-1,noise
23345309,-1,noise
SP3401,-1,noise
SP34011,-1,noise
SP3501,-1,noise
29364100,-1,noise
SP341,-1,noise
SP308,-1,noise
316619,-1,noise
310441,-1,noise
310670,-1,noise
310009,-1,noise
310091,-1,noise
310829,-1,noise
310552,-1,noise
310081,-1,noise
310041,-1,noise
310585,-1,noise
310158,-1,noise
310890,-1,noise
311215,-1,noise
23245068,-1,noise
23210009,-1,noise
23595001,-1,noise
360006,-1,noise
790139,-1,noise
22387880,-1,noise
566572,-1,noise
360059,-1,noise
24152205,-1,noise
27210140,-1,noise
390225,-1,noise
25015000,-1,noise
10823,-1,noise
SP306,-1,noise
320003,-1,noise
320005,-1,noise
25190,-1,noise
3212,-1,noise
390247,-1,noise
83002,-1,noise
22603950,-1,noise
380005,-1,noise
29504000,-1,noise
29500000,-1,noise
20004046,-1,noise
20402050,-1,noise
20005120,-1,noise
20592011,-1,noise
20005441,-1,noise
20045041,-1,noise
20055080,-1,noise
20582010,-1,noise
20782040,-1,noise
20089234,-1,noise
20582030,-1,noise
20870312,-1,noise
20095040,-1,noise
20005360,-1,noise
20010300,-1,noise
20005362,-1,noise
360143,-1,noise
360804,-1,noise
360005,-1,noise
360001,-1,noise
360041,-1,noise
360950,-1,noise
20041300,-1,noise
29015000,-1,noise
29915001,-1,noise
29015200,-1,noise
10001,-1,noise
360560,-1,noise
10022,-1,noise
10821,-1,noise
10102,-1,noise
10262,-1,noise
34019,-1,noise
22207531,-1,noise
22208680,-1,noise
330141,-1,noise
24403000,-1,noise
24005030,-1,noise
55109980,-1,noise
24106011,-1,noise
24105405,-1,noise
10102,-1,noise
SP3032,-1,noise
24104000,-1,noise
22402846,-1,noise
120,-1,noise
29604000,-1,noise
29604001,-1,noise
10071,-1,noise
29016000,-1,noise
380010,-1,noise
10550,-1,noise
22581010,-1,noise
10250,-1,noise
SP333,-1,noise
390010,-1,noise
10502,-1,noise
99992,-1,noise
27100100,-1,noise
310037,-1,noise
29085004,-1,noise
29088004,-1,noise
360780,-1,noise
28075759,-1,noise
28076901,-1,noise
28000123,-1,noise
10520,-1,noise
22383000,-1,noise
94011,-1,noise
421027,-1,noise
310221,-1,noise
350001,-1,noise
350010,-1,noise
22546900,-1,noise
25015010,-1,noise
25012110,-1,noise
22121100,-1,noise
25000000,-1,noise
22182401,-1,noise
24565869,-1,noise
10363,-1,noise
24598000,-1,noise
24565870,-1,noise
310551,-1,noise
24605000,-1,noise
10360,-1,noise
10020,-1,noise
340001,-1,noise
27510060,-1,noise
24565040,-1,noise
24565800,-1,noise
24505001,-1,noise
24565500,-1,noise
24565100,-1,noise
24527000,-1,noise
24525010,-1,noise
29964000,-1,noise
900708,-1,noise
SP310,-1,noise
10650,-1,noise
26405010,-1,noise
360087,-1,noise
10801,-1,noise
360388,-1,noise
26135400,-1,noise
26500000,-1,noise
26422030,-1,noise
26415035,-1,noise
26415036,-1,noise
10250,-1,noise
SP3043,-1,noise
360389,-1,noise
370810,-1,noise
SP304,-1,noise
SP3041,-1,noise
390004,-1,noise
390002,-1,noise
20501050,-1,noise
96010347,-1,noise
84390,-1,noise
96010349,-1,noise
94144860,-1,noise
210780,-1,noise
23175170,-1,noise
29915005,-1,noise
91206G,-1,noise
17875A,-1,noise
16247,-1,noise
161991,-1,noise
16223012,-1,noise
16191f1,-1,noise
162086,-1,noise
1614907F,-1,noise
16142PC,-1,noise
17802306,-1,noise
17811B1,-1,noise
1706513,-1,noise
1704190,-1,noise
170654,-1,noise
1704123F,-1,noise
17020K,-1,noise
170231,-1,noise
1701789,-1,noise
1712004,-1,noise
170322,-1,noise
17032K01,-1,noise
17008669,-1,noise
17063K1,-1,noise
170171,-1,noise
1708074,-1,noise
1703290,-1,noise
17017889,-1,noise
1700116,-1,noise
17005880,-1,noise
170035,-1,noise
1700605,-1,noise
17845030,-1,noise
1700110,-1,noise
17001406,-1,noise
1700607,-1,noise
170037,-1,noise
1770019,-1,noise
170183,-1,noise
170698,-1,noise
17009910,-1,noise
170040,-1,noise
1700219,-1,noise
1700594,-1,noise
17064CK,-1,noise
10001B13,-1,noise
17843B,-1,noise
17266998,-1,noise
17053,-1,noise
17020K1,-1,noise
1703212,-1,noise
170541,-1,noise
17080081,-1,noise
1700606,-1,noise
17222,-1,noise
170016,-1,noise
17668F,-1,noise
17483906,-1,noise
17411,-1,noise
17843447,-1,noise
17844010,-1,noise
17844011,-1,noise
17845989,-1,noise
1784512,-1,noise
17845038,-1,noise
17845037,-1,noise
17844017,-1,noise
17845013,-1,noise
17844012,-1,noise
17845006,-1,noise
17845043,-1,noise
17845038,-1,noise
17844017,-1,noise
17843002,-1,noise
1789010,-1,noise
1785711,-1,noise
17857019,-1,noise
17857301,-1,noise
1785944,-1,noise
17857032,-1,noise
17857307,-1,noise
17857983,-1,noise
17879F,-1,noise
15038012,-1,noise
15038OM3,-1,noise
17817066,-1,noise
15080,-1,noise
15072045,-1,noise
15100,-1,noise
17881G,-1,noise
17880123,-1,noise
17880110,-1,noise
1787615,-1,noise
17851M,-1,noise
17851F,-1,noise
17851P,-1,noise
1785479,-1,noise
1784990,-1,noise
17849018,-1,noise
17849013,-1,noise
17854018,-1,noise
17849019,-1,noise
17849012,-1,noise
17854040,-1,noise
17854035,-1,noise
178941F,-1,noise
17849017,-1,noise
1788554,-1,noise
178414,-1,noise
17851BB,-1,noise
178853B,-1,noise
1785402,-1,noise
1785420,-1,noise
1785416,-1,noise
17873L,-1,noise
178531,-1,noise
178552,-1,noise
17853SEZ,-1,noise
17882050,-1,noise
17900,-1,noise
1788204R,-1,noise
17901,-1,noise
17875O,-1,noise
1788010,-1,noise
17877990,-1,noise
17863,-1,noise
17863CW,-1,noise
17863012,-1,noise
17863CWS,-1,noise
1786537,-1,noise
1786541,-1,noise
1786539,-1,noise
1786539,-1,noise
17860A,-1,noise
17861044,-1,noise
17861045,-1,noise
17861054,-1,noise
178604,-1,noise
178691,-1,noise
178851,-1,noise
17861061,-1,noise
10002B,-1,noise
1786104F,-1,noise
17861999,-1,noise
1786710,-1,noise
178616,-1,noise
17861051,-1,noise
17861047,-1,noise
178618,-1,noise
1769990,-1,noise
17862888,-1,noise
17855688,-1,noise
1786704,-1,noise
178688,-1,noise
179001,-1,noise
17872,-1,noise
1786708,-1,noise
17874,-1,noise
178702,-1,noise
17870,-1,noise
17869FMC,-1,noise
1787080,-1,noise
17870999,-1,noise
17871018,-1,noise
17871011,-1,noise
1787120,-1,noise
17864020,-1,noise
178649,-1,noise
17864017,-1,noise
1789095,-1,noise
17867082,-1,noise
1786704,-1,noise
178668,-1,noise
17866946,-1,noise
1786708,-1,noise
1787120,-1,noise
178745,-1,noise
15443,-1,noise
15446,-1,noise
15445,-1,noise
15447,-1,noise
15001085,-1,noise
15215C,-1,noise
152081,-1,noise
150201,-1,noise
15002023,-1,noise
15001,-1,noise
15002B,-1,noise
152309,-1,noise
15000S,-1,noise
15009,-1,noise
15220V,-1,noise
15006083,-1,noise
15004034,-1,noise
15004052,-1,noise
15005899,-1,noise
15076,-1,noise
15005A4,-1,noise
15077370,-1,noise
1507734,-1,noise
1507733,-1,noise
15220997,-1,noise
15004C8,-1,noise
15004047,-1,noise
15008989,-1,noise
150122,-1,noise
15006020,-1,noise
15006018,-1,noise
15239,-1,noise
15002032,-1,noise
15006092,-1,noise
15238,-1,noise
170886,-1,noise
170888,-1,noise
170892,-1,noise
170894,-1,noise
170896,-1,noise
17081115,-1,noise
17081048,-1,noise
17081541,-1,noise
17081408,-1,noise
17081720,-1,noise
9171581,-1,noise
17081013,-1,noise
1708912,-1,noise
310324,-1,noise
73080747,-1,noise
73012,-1,noise
73007987,-1,noise
73012765,-1,noise
73075,-1,noise
73133A,-1,noise
73084011,-1,noise
73083218,-1,noise
310021,-1,noise
310016,-1,noise
310200,-1,noise
310065,-1,noise
73084140,-1,noise
73012768,-1,noise
17874081,-1,noise
17002B,-1,noise
74141,-1,noise
73080700,-1,noise
17874R,-1,noise
124007,-1,noise
420005,-1,noise
420006,-1,noise
620079,-1,noise
28241000,-1,noise
38447890,-1,noise
38154300,-1,noise
82389980,-1,noise
22996,-1,noise
22302,-1,noise
4023410,-1,noise
40072,-1,noise
40070125,-1,noise
40501060,-1,noise
40476,-1,noise
40494,-1,noise
40695238,-1,noise
40PM16,-1,noise
407311,-1,noise
407316,-1,noise
40739,-1,noise
120007,-1,noise
120854,-1,noise
122001,-1,noise
122000,-1,noise
123030,-1,noise
13069980,-1,noise
13083896,-1,noise
13081176,-1,noise
13081002,-1,noise
13081001,-1,noise
13091000,-1,noise
157600001,-1,noise
13083571,-1,noise
13083674,-1,noise
13083544,-1,noise
13083563,-1,noise
13081036,-1,noise
13081120,-1,noise
13189984,-1,noise
13183896,-1,noise
13181176,-1,noise
13181070,-1,noise
13183354,-1,noise
13183352,-1,noise
13101001,-1,noise
120089,-1,noise
78502789,-1,noise
96235640,-1,noise
31260,-1,noise
501599,-1,noise
22080223,-1,noise
620010,-1,noise
750005,-1,noise
750002,-1,noise
750006,-1,noise
391193,-1,noise
78034360,-1,noise
96685940,-1,noise
97151900,-1,noise
18061014,-1,noise
13025763,-1,noise
13021013,-1,noise
13021876,-1,noise
13011204,-1,noise
124003,-1,noise
124004,-1,noise
78051789,-1,noise
82440,-1,noise
30337019,-1,noise
970410,-1,noise
71011669,-1,noise
71071529,-1,noise
71014769,-1,noise
12135414,-1,noise
40302600,-1,noise
99996,-1,noise
920209,-1,noise
84310,-1,noise
85281,-1,noise
85282,-1,noise
101273,-1,noise
101264,-1,noise
1012581,-1,noise
620081,-1,noise
749995,-1,noise
44061,-1,noise
44060,-1,noise
15110510,-1,noise
71208,-1,noise
20700,-1,noise
38459960,-1,noise
952521,-1,noise
82700,-1,noise
95251B,-1,noise
97103111,-1,noise
80271,-1,noise
190029,-1,noise
190015,-1,noise
220615,-1,noise
220627,-1,noise
2206211,-1,noise
19054,-1,noise
10011,-1,noise
58021010,-1,noise
SP1600,-1,noise
29097518,-1,noise
29200420,-1,noise
363248,-1,noise
363003,-1,noise
SP16001,-1,noise
AOL00010,-1,noise
86613,-1,noise
SP195,-1,noise
21050B,-1,noise
77044360,-1,noise
210513,-1,noise
77035690,-1,noise
902701,-1,noise
21060018,-1,noise
78084360,-1,noise
30337018,-1,noise
902610,-1,noise
86020,-1,noise
143090,-1,noise
390624,-1,noise
24993,-1,noise
621735,-1,noise
97426030,-1,noise
53079980,-1,noise
31270,-1,noise
5050210,-1,noise
50120124,-1,noise
40244890,-1,noise
144009,-1,noise
930099801,-1,noise
96024,-1,noise
96033,-1,noise
96039,-1,noise
80016,-1,noise
96028,-1,noise
93121133,-1,noise
83280,-1,noise
47061920,-1,noise
2971,-1,noise
96016,-1,noise
21205,-1,noise
21200,-1,noise
21209,-1,noise
99127944,-1,noise
41552210,-1,noise
12345,-1,noise
900010,-1,noise
95420,-1,noise
20969020,-1,noise
363240,-1,noise
9931536,-1,noise
ZZ902710,-1,noise
70242TP,-1,noise
29098000,-1,noise
Z0346032,-1,noise
9406610,-1,noise
51054,-1,noise
31580,-1,noise
82390,-1,noise
93661845,-1,noise
57001360,-1,noise
57004130,-1,noise
57005540,-1,noise
57001040,-1,noise
57001010,-1,noise
57004800,-1,noise
67001080,-1,noise
67004310,-1,noise
67001010,-1,noise
190093,-1,noise
11017,-1,noise
11010,-1,noise
42300550,-1,noise
42100500,-1,noise
382300,-1,noise
19584,-1,noise
1058688,-1,noise
1954710,-1,noise
11310,-1,noise
42100550,-1,noise
42638900,-1,noise
11003,-1,noise
1956387,-1,noise
11011,-1,noise
1956383,-1,noise
362032,-1,noise
42390000,-1,noise
42630204,-1,noise
42631100,-1,noise
42500000,-1,noise
19516,-1,noise
19514D,-1,noise
11181,-1,noise
1,-1,noise
451112,-1,noise
85015,-1,noise
85010,-1,noise
85025,-1,noise
20397,-1,noise
85020,-1,noise
95503850,-1,noise
901135,-1,noise
34010,-1,noise
92280400,-1,noise
25010,-1,noise
25440,-1,noise
31536,-1,noise
457030,-1,noise
450031,-1,noise
79113350,-1,noise
456060,-1,noise
140008,-1,noise
622589,-1,noise
90278015,-1,noise
96414740,-1,noise
618181,-1,noise
94625080,-1,noise
50125,-1,noise
17069985,-1,noise
17063795,-1,noise
17061455,-1,noise
17061032,-1,noise
17063742,-1,noise
17061076,-1,noise
17063334,-1,noise
12070600,-1,noise
203783,-1,noise
170010,-1,noise
174369,-1,noise
174360,-1,noise
170008,-1,noise
11264496,-1,noise
11261001,-1,noise
11264565,-1,noise
11261015,-1,noise
11261144,-1,noise
96445870,-1,noise
96435870,-1,noise
98475870,-1,noise
10809980,-1,noise
31180,-1,noise
97758,-1,noise
95170,-1,noise
622247,-1,noise
360029,-1,noise
340804,-1,noise
360010,-1,noise
741612,-1,noise
190703,-1,noise
10113350,-1,noise
10483840,-1,noise
10101390,-1,noise
40071150,-1,noise
10125950,-1,noise
50041010,-1,noise
10153570,-1,noise
10153330,-1,noise
10153760,-1,noise
96045,-1,noise
349056,-1,noise
13199428,-1,noise
144001,-1,noise
78965,-1,noise
97599880,-1,noise
97596880,-1,noise
SP5000,-1,noise
21027,-1,noise
21024014,-1,noise
21031A,-1,noise
SP510,-1,noise
SP5094,-1,noise
21060SP,-1,noise
21060015,-1,noise
21065,-1,noise
SP512,-1,noise
71210,-1,noise
SP509,-1,noise
SP888,-1,noise
21075,-1,noise
40900,-1,noise
134002,-1,noise
13199985,-1,noise
134061,-1,noise
134067,-1,noise
13191176,-1,noise
13191454,-1,noise
13191004,-1,noise
13193760,-1,noise
13191876,-1,noise
13191070,-1,noise
131000,-1,noise
13294920,-1,noise
131062,-1,noise
15183370,-1,noise
15184496,-1,noise
15183760,-1,noise
11303344,-1,noise
11301002,-1,noise
113010000,-1,noise
11301015,-1,noise
11301013,-1,noise
11303334,-1,noise
154002,-1,noise
154003,-1,noise
14400400,-1,noise
70114369,-1,noise
89030,-1,noise
84700,-1,noise
2,-1,noise
390105,-1,noise
190166,-1,noise
81443,-1,noise
84840,-1,noise
18029980,-1,noise
18023696,-1,noise
990331,-1,noise
83600,-1,noise
340385,-1,noise
900047,-1,noise
52039980,-1,noise
34016,-1,noise
34015,-1,noise
34017,-1,noise
421802,-1,noise
920206,-1,noise
81013,-1,noise
900820,-1,noise
621456,-1,noise
80141,-1,noise
620037,-1,noise
5120,-1,noise
805319,-1,noise
805291,-1,noise
80516120,-1,noise
50081,-1,noise
78255829,-1,noise
200150,-1,noise
85090,-1,noise
96455870,-1,noise
91123744,-1,noise
360312,-1,noise
10262,-1,noise
84373,-1,noise
32005,-1,noise
32003,-1,noise
83718,-1,noise
93425940,-1,noise
70174810,-1,noise
701754,-1,noise
31300,-1,noise
340083,-1,noise
330083,-1,noise
320083,-1,noise
370134,-1,noise
10660G,-1,noise
31310,-1,noise
930199801,-1,noise
60039980,-1,noise
50021270,-1,noise
84380,-1,noise
85260,-1,noise
30510,-1,noise
74771000,-1,noise
91049980,-1,noise
30540,-1,noise
120447,-1,noise
37044,-1,noise
30530,-1,noise
12000L,-1,noise
37036,-1,noise
74771010,-1,noise
91019980,-1,noise
430835,-1,noise
25050,-1,noise
11401320,-1,noise
11401876,-1,noise
85470,-1,noise
31330,-1,noise
50141800,-1,noise
96051,-1,noise
31200,-1,noise
31360,-1,noise
31361,-1,noise
85200,-1,noise
22080175,-1,noise
12345678,-1,noise
120790599,-1,noise
45200,-1,noise
83093,-1,noise
18020103,-1,noise
19163740,-1,noise
19115590,-1,noise
19185350,-1,noise
18208100,-1,noise
42310,-1,noise
42302,-1,noise
42302,-1,noise
19133660,-1,noise
18230086,-1,noise
45080,-1,noise
42370,-1,noise
18200186,-1,noise
73073,-1,noise
SP1010,-1,noise
SP10263,-1,noise
SP1022,-1,noise
SP1033,-1,noise
SP1041,-1,noise
SP1029,-1,noise
190051,-1,noise
19111020,-1,noise
19134800,-1,noise
19711020,-1,noise
34095,-1,noise
455101,-1,noise
390369,-1,noise
19101010,-1,noise
57310640,-1,noise
49002430,-1,noise
99985,-1,noise
390121,-1,noise
69004310,-1,noise
391001,-1,noise
78161789,-1,noise
78164369,-1,noise
450469,-1,noise
99604,-1,noise
620176,-1,noise
796071,-1,noise
220931,-1,noise
220893,-1,noise
22091,-1,noise
220912,-1,noise
22091602,-1,noise
58500630,-1,noise
71030,-1,noise
540355,-1,noise
12220,-1,noise
12001,-1,noise
71203,-1,noise
38201049,-1,noise
210216,-1,noise
20221,-1,noise
SP232,-1,noise
41801060,-1,noise
34330150,-1,noise
34310166,-1,noise
20204,-1,noise
20150,-1,noise
41219980,-1,noise
20201,-1,noise
40189990,-1,noise
210350,-1,noise
20200,-1,noise
210524,-1,noise
20083,-1,noise
13463,-1,noise
1831034,-1,noise
1831024,-1,noise
13485044,-1,noise
13468,-1,noise
210004,-1,noise
34328692,-1,noise
20450,-1,noise
210122,-1,noise
620911,-1,noise
210013,-1,noise
210420,-1,noise
82219980,-1,noise
34314085,-1,noise
210129,-1,noise
SP2352,-1,noise
21200,-1,noise
620180,-1,noise
40142070,-1,noise
41139980,-1,noise
41249980,-1,noise
620121,-1,noise
210101,-1,noise
210006,-1,noise
210127,-1,noise
210250,-1,noise
13530,-1,noise
13485833,-1,noise
13414155,-1,noise
134142,-1,noise
1351899,-1,noise
1831047,-1,noise
1831025,-1,noise
134133,-1,noise
13501454,-1,noise
1352070,-1,noise
185131,-1,noise
131614,-1,noise
1831821Z,-1,noise
34100113,-1,noise
20205,-1,noise
210009,-1,noise
40109980,-1,noise
210240,-1,noise
210100,-1,noise
82214890,-1,noise
41409980,-1,noise
41149981,-1,noise
202261,-1,noise
SP1143,-1,noise
210020,-1,noise
99210,-1,noise
150080,-1,noise
150003,-1,noise
150002,-1,noise
16064496,-1,noise
16061875,-1,noise
340987,-1,noise
620017,-1,noise
80576,-1,noise
900028,-1,noise
747743,-1,noise
999928,-1,noise
84430,-1,noise
10161020,-1,noise
10162930,-1,noise
31086,-1,noise
620083,-1,noise
900010,-1,noise
293001,-1,noise
78525269,-1,noise
799096,-1,noise
20380,-1,noise
920299,-1,noise
620087,-1,noise
620088,-1,noise
620090,-1,noise
620127,-1,noise
792978,-1,noise
194310,-1,noise
741483,-1,noise
18003790,-1,noise
220001,-1,noise
97251900,-1,noise
U9550012,-1,noise
920275,-1,noise
22297757,-1,noise
390026,-1,noise
10344880,-1,noise
10341000,-1,noise
31410,-1,noise
900065,-1,noise
530160,-1,noise
721193,-1,noise
744848,-1,noise
34018,-1,noise
96602,-1,noise
2261422,-1,noise
269210,-1,noise
26927411,-1,noise
22110012,-1,noise
25269,-1,noise
22131124,-1,noise
22096NA,-1,noise
93014790,-1,noise
2209910,-1,noise
24808F,-1,noise
25269F,-1,noise
97175740,-1,noise
97205740,-1,noise
98022340,-1,noise
970030,-1,noise
9670189,-1,noise
9670182,-1,noise
623487,-1,noise
290072,-1,noise
121701,-1,noise
85500,-1,noise
99999987,-1,noise
210597,-1,noise
50070,-1,noise
99009980,-1,noise
95230,-1,noise
901223,-1,noise
59049960,-1,noise
16049980,-1,noise
16043794,-1,noise
16041396,-1,noise
16043896,-1,noise
16041074,-1,noise
16041000,-1,noise
16403556,-1,noise
16041013,-1,noise
16141024,-1,noise
11193794,-1,noise
11194496,-1,noise
111911440,-1,noise
11183575,-1,noise
11191002,-1,noise
11194564,-1,noise
11191012,-1,noise
11191013,-1,noise
11291872,-1,noise
11193334,-1,noise
11291310,-1,noise
150060,-1,noise
158003,-1,noise
83770,-1,noise
96025,-1,noise
620021,-1,noise
620091,-1,noise
SP732,-1,noise
390224,-1,noise
390027,-1,noise
38569901,-1,noise
620092,-1,noise
610518,-1,noise
619975,-1,noise
710030,-1,noise
90346032,-1,noise
84002,-1,noise
85442,-1,noise
95182,-1,noise
95000,-1,noise
95071,-1,noise
95012,-1,noise
95112,-1,noise
95032,-1,noise
95070,-1,noise
95021,-1,noise
95022,-1,noise
84620,-1,noise
96005,-1,noise
96008,-1,noise
610007,-1,noise
91098013,-1,noise
620022,-1,noise
611952,-1,noise
620024,-1,noise
620098,-1,noise
620099,-1,noise
621546,-1,noise
207900021,-1,noise
207900041,-1,noise
622225,-1,noise
620101,-1,noise
97878950,-1,noise
40031060,-1,noise
190069,-1,noise
90614,-1,noise
920235,-1,noise
62232,-1,noise
62231,-1,noise
97595880,-1,noise
1319854,-1,noise
97642,-1,noise
621012,-1,noise
904345,-1,noise
750020,-1,noise
144301,-1,noise
620052,-1,noise
85271,-1,noise
83970,-1,noise
10133690,-1,noise
84371,-1,noise
620521,-1,noise
84311,-1,noise
180012,-1,noise
11123693,-1,noise
11123744,-1,noise
11121002,-1,noise
11121013,-1,noise
11121320,-1,noise
11121120,-1,noise
11125342,-1,noise
11123364,-1,noise
11122404,-1,noise
11121141,-1,noise
41691,-1,noise
190057,-1,noise
96002,-1,noise
84510,-1,noise
310162,-1,noise
620027,-1,noise
99333331,-1,noise
501390,-1,noise
83460,-1,noise
901212,-1,noise
22081012,-1,noise
74,-1,noise
75,-1,noise
85730,-1,noise
85720,-1,noise
85710,-1,noise
591011,-1,noise
20009980,-1,noise
420008,-1,noise
37862,-1,noise
12250977,-1,noise
32305,-1,noise
30045,-1,noise
121214,-1,noise
20085960,-1,noise
28009980,-1,noise
20015440,-1,noise
1200100,-1,noise
12262,-1,noise
51028002,-1,noise
51301400,-1,noise
30507,-1,noise
12244,-1,noise
1224424,-1,noise
1224440,-1,noise
12265,-1,noise
122521,-1,noise
20105960,-1,noise
12254801,-1,noise
51503000,-1,noise
18022470,-1,noise
121426,-1,noise
20285960,-1,noise
58957770,-1,noise
123232,-1,noise
12249006,-1,noise
57310630,-1,noise
57310681,-1,noise
57310631,-1,noise
36802,-1,noise
59990009,-1,noise
12257,-1,noise
37058,-1,noise
20059980,-1,noise
12186,-1,noise
18029210,-1,noise
34090,-1,noise
12258E1,-1,noise
54735760,-1,noise
54735780,-1,noise
12174886,-1,noise
59104210,-1,noise
12174879,-1,noise
30000,-1,noise
59124770,-1,noise
25092470,-1,noise
54956150,-1,noise
20031230,-1,noise
24029980,-1,noise
53255100,-1,noise
12322005,-1,noise
30055,-1,noise
427841,-1,noise
12322002,-1,noise
53943400,-1,noise
420019,-1,noise
59055121,-1,noise
30040,-1,noise
59055228,-1,noise
59319570,-1,noise
30041,-1,noise
59550030,-1,noise
21019980,-1,noise
21029980,-1,noise
21009980,-1,noise
120671,-1,noise
12009050,-1,noise
52142003,-1,noise
58525200,-1,noise
12086644,-1,noise
120898,-1,noise
12083,-1,noise
1208610,-1,noise
24019980,-1,noise
59885200,-1,noise
30162,-1,noise
420011,-1,noise
22029980,-1,noise
22029210,-1,noise
420772,-1,noise
45413,-1,noise
53235600,-1,noise
53610420,-1,noise
420019,-1,noise
30219,-1,noise
12270,-1,noise
420012,-1,noise
53610400,-1,noise
59568970,-1,noise
59568980,-1,noise
20041230,-1,noise
122615,-1,noise
1226122,-1,noise
20009981,-1,noise
90119980,-1,noise
95138000,-1,noise
19,-1,noise
84432,-1,noise
410062,-1,noise
150400001,-1,noise
55005480,-1,noise
55001040,-1,noise
55015780,-1,noise
55111220,-1,noise
55001470,-1,noise
55004590,-1,noise
55004870,-1,noise
55001220,-1,noise
55001850,-1,noise
900227,-1,noise
900027,-1,noise
31500,-1,noise
33000,-1,noise
412115,-1,noise
411502,-1,noise
84560,-1,noise
84921,-1,noise
50130140,-1,noise
93693,-1,noise
99508505,-1,noise
10301211,-1,noise
10301204,-1,noise
190101,-1,noise
50148132,-1,noise
920280,-1,noise
97645880,-1,noise
97655880,-1,noise
96675880,-1,noise
1834240,-1,noise
10141000,-1,noise
10141050,-1,noise
10142930,-1,noise
10149980,-1,noise
10143350,-1,noise
50034870,-1,noise
50035780,-1,noise
50031220,-1,noise
40272680,-1,noise
1383412Z,-1,noise
78932559,-1,noise
78229980,-1,noise
78249989,-1,noise
60051,-1,noise
210544,-1,noise
78231509,-1,noise
97961900,-1,noise
44103570,-1,noise
44233570,-1,noise
44113570,-1,noise
44001010,-1,noise
44032080,-1,noise
44011060,-1,noise
44403570,-1,noise
44401920,-1,noise
44171010,-1,noise
44132030,-1,noise
44131980,-1,noise
44704510,-1,noise
44701010,-1,noise
44211700,-1,noise
44209980,-1,noise
44221060,-1,noise
83481,-1,noise
94381613,-1,noise
900011,-1,noise
907503,-1,noise
78241529,-1,noise
78244369,-1,noise
97469,-1,noise
620062,-1,noise
95035035,-1,noise
180014,-1,noise
84222,-1,noise
82630,-1,noise
11150,-1,noise
38861325,-1,noise
93556467,-1,noise
93668766,-1,noise
93100300,-1,noise
901265,-1,noise
83750,-1,noise
97873895,-1,noise
87770,-1,noise
30062,-1,noise
10369470,-1,noise
190120,-1,noise
920229,-1,noise
84400,-1,noise
746680,-1,noise
42040,-1,noise
42030,-1,noise
42050,-1,noise
42020,-1,noise
41980,-1,noise
43447151,-1,noise
50435113,-1,noise
43469301,-1,noise
43469321,-1,noise
43446830,-1,noise
23468241,-1,noise
43473061,-1,noise
43200016,-1,noise
41835071,-1,noise
43471361,-1,noise
43469381,-1,noise
43447136,-1,noise
43469501,-1,noise
43468081,-1,noise
43486642,-1,noise
43478601,-1,noise
43490053,-1,noise
43400232,-1,noise
43430150,-1,noise
43490093,-1,noise
41300010,-1,noise
620005,-1,noise
78259989,-1,noise
360335,-1,noise
83710,-1,noise
MISCR,-1,noise
99999998,-1,noise
999019,-1,noise
168009,-1,noise
118017,-1,noise
128015,-1,noise
128016,-1,noise
168024,-1,noise
138009,-1,noise
168011,-1,noise
148017,-1,noise
83870,-1,noise
97483780,-1,noise
23,-1,noise
85190,-1,noise
25110,-1,noise
901398,-1,noise
190066,-1,noise
290560,-1,noise
22157,-1,noise
362007,-1,noise
2208810,-1,noise
85411,-1,noise
70194019,-1,noise
99126944,-1,noise
99124944,-1,noise
83371,-1,noise
85288,-1,noise
78964360,-1,noise
210528,-1,noise
78269989,-1,noise
78665829,-1,noise
91129,-1,noise
91135,-1,noise
84960,-1,noise
91127,-1,noise
59552302,-1,noise
59552310,-1,noise
92003930,-1,noise
92029980,-1,noise
92019980,-1,noise
45411,-1,noise
97994,-1,noise
450210,-1,noise
450004,-1,noise
20761,-1,noise
10053330,-1,noise
40102080,-1,noise
50009980,-1,noise
60001080,-1,noise
60005620,-1,noise
88779,-1,noise
99200000,-1,noise
19991,-1,noise
420082,-1,noise
SPS27832,-1,noise
219102,-1,noise
NSF,-1,noise
24091,-1,noise
NSF,-1,noise
207900017,-1,noise
730442,-1,noise
84552,-1,noise
621215,-1,noise
73052020,-1,noise
78299983,-1,noise
620102,-1,noise
62094,-1,noise
71011,-1,noise
21054O99,-1,noise
73014369,-1,noise
73034969,-1,noise
73039989,-1,noise
73145419,-1,noise
73145229,-1,noise
73155419,-1,noise
73054736,-1,noise
93282,-1,noise
80296,-1,noise
84680,-1,noise
942190,-1,noise
710962,-1,noise
OA,-1,noise
7017242,-1,noise
7017451,-1,noise
701746,-1,noise
31600,-1,noise
70101500,-1,noise
70105829,-1,noise
340084,-1,noise
620134,-1,noise
610121,-1,noise
610181,-1,noise
590604,-1,noise
620391,-1,noise
912801,-1,noise
16021050,-1,noise
150009,-1,noise
16023544,-1,noise
16023365,-1,noise
150006,-1,noise
16021074,-1,noise
16021010,-1,noise
16021013,-1,noise
16021874,-1,noise
84945,-1,noise
96775890,-1,noise
99910522,-1,noise
10421370,-1,noise
10401010,-1,noise
10393330,-1,noise
10391070,-1,noise
10393690,-1,noise
10391870,-1,noise
10391020,-1,noise
80163,-1,noise
83810,-1,noise
78389980,-1,noise
59055218,-1,noise
81001,-1,noise
410063,-1,noise
9058,-1,noise
99900,-1,noise
83630,-1,noise
71007,-1,noise
71008,-1,noise
594369,-1,noise
540320,-1,noise
560020,-1,noise
96334740,-1,noise
99983210,-1,noise
99333330,-1,noise
99526T,-1,noise
83790,-1,noise
83793,-1,noise
85164,-1,noise
80590016,-1,noise
80590005,-1,noise
80590020,-1,noise
80590012,-1,noise
1832011,-1,noise
18ND085,-1,noise
22010V,-1,noise
357112,-1,noise
85220,-1,noise
31041,-1,noise
85020,-1,noise
13073693,-1,noise
13073390,-1,noise
31630,-1,noise
31645,-1,noise
501555,-1,noise
501385,-1,noise
40171010,-1,noise
38146235,-1,noise
38782501,-1,noise
78282829,-1,noise
23147745,-1,noise
22610800,-1,noise
390269,-1,noise
211022,-1,noise
398411,-1,noise
76127842,-1,noise
76111000,-1,noise
76127841,-1,noise
18030762,-1,noise
91148468,-1,noise
31004000,-1,noise
48041530,-1,noise
47041150,-1,noise
47054160,-1,noise
900085,-1,noise
900084,-1,noise
900046,-1,noise
20401,-1,noise
20400,-1,noise
39000305,-1,noise
20402,-1,noise
280017,-1,noise
50120142,-1,noise
83500,-1,noise
20486,-1,noise
84950,-1,noise
420180,-1,noise
84050,-1,noise
SP1118,-1,noise
90271013,-1,noise
90278000,-1,noise
9027510,-1,noise
90907,-1,noise
501572,-1,noise
290019,-1,noise
47264,-1,noise
SP1052,-1,noise
84120,-1,noise
87525,-1,noise
99529,-1,noise
971120598,-1,noise
97484780,-1,noise
78915829,-1,noise
78329989,-1,noise
78624369,-1,noise
78311529,-1,noise
96675620,-1,noise
994036,-1,noise
38,-1,noise
24770,-1,noise
20026,-1,noise
SP2302,-1,noise
1317877,-1,noise
13175B,-1,noise
13170190,-1,noise
13170206,-1,noise
1316410,-1,noise
13176,-1,noise
13170172,-1,noise
13172,-1,noise
250350,-1,noise
20271,-1,noise
37080202,-1,noise
21864,-1,noise
21861,-1,noise
22230,-1,noise
21830,-1,noise
21832,-1,noise
1305456,-1,noise
21831,-1,noise
13050782,-1,noise
130502PE,-1,noise
230007,-1,noise
230002,-1,noise
35110000,-1,noise
13050127,-1,noise
20238,-1,noise
13230,-1,noise
280200,-1,noise
20343,-1,noise
20344,-1,noise
1042710,-1,noise
SP218,-1,noise
SP2181,-1,noise
20570,-1,noise
SP221,-1,noise
20630,-1,noise
260109,-1,noise
31002000,-1,noise
260009,-1,noise
124578,-1,noise
260007,-1,noise
20051,-1,noise
260004,-1,noise
260006,-1,noise
260008,-1,noise
260005,-1,noise
39000030,-1,noise
13220,-1,noise
13329010,-1,noise
13328993,-1,noise
133278,-1,noise
1332878,-1,noise
1332897A,-1,noise
13328880,-1,noise
13328890,-1,noise
13332307,-1,noise
1332920,-1,noise
32112110,-1,noise
33716001,-1,noise
33721215,-1,noise
207900016,-1,noise
240069,-1,noise
240681,-1,noise
SP213,-1,noise
240078,-1,noise
13328979,-1,noise
1302614,-1,noise
13328915,-1,noise
290200,-1,noise
240100,-1,noise
292200,-1,noise
13212101,-1,noise
39101000,-1,noise
290236,-1,noise
31030002,-1,noise
13208202,-1,noise
20241,-1,noise
132097,-1,noise
39009000,-1,noise
33040005,-1,noise
13214,-1,noise
13212,-1,noise
132081,-1,noise
13208887,-1,noise
13208CU,-1,noise
1320814,-1,noise
13208124,-1,noise
13208885,-1,noise
39000129,-1,noise
920245,-1,noise
39000126,-1,noise
39000110,-1,noise
20250,-1,noise
290099,-1,noise
36111000,-1,noise
38121000,-1,noise
38121003,-1,noise
290805,-1,noise
1300390,-1,noise
13003,-1,noise
41219980,-1,noise
1301310,-1,noise
34214354,-1,noise
40189990,-1,noise
34216707,-1,noise
34405300,-1,noise
34391509,-1,noise
34890100,-1,noise
34955507,-1,noise
34260807,-1,noise
13136983,-1,noise
131369,-1,noise
34924889,-1,noise
34924888,-1,noise
20420,-1,noise
132103,-1,noise
13209I,-1,noise
34405911,-1,noise
34405910,-1,noise
SP252,-1,noise
41272010,-1,noise
41274160,-1,noise
41273350,-1,noise
41271920,-1,noise
41279980,-1,noise
292258,-1,noise
20530,-1,noise
31020000,-1,noise
20310,-1,noise
20490,-1,noise
34000000,-1,noise
39000112,-1,noise
13216P,-1,noise
1325,-1,noise
13219P,-1,noise
20510,-1,noise
33010200,-1,noise
33018222,-1,noise
33030000,-1,noise
32100134,-1,noise
32000210,-1,noise
32840000,-1,noise
1305682,-1,noise
13056045,-1,noise
13056066,-1,noise
13076,-1,noise
13066S1,-1,noise
13066067,-1,noise
13066458,-1,noise
13066072,-1,noise
1306619,-1,noise
13069044,-1,noise
13184,-1,noise
13073,-1,noise
13188,-1,noise
13084212,-1,noise
13191,-1,noise
SP223,-1,noise
240750,-1,noise
21112,-1,noise
33040000,-1,noise
33110000,-1,noise
33158000,-1,noise
240004,-1,noise
33410001,-1,noise
33028500,-1,noise
33716650,-1,noise
33714001,-1,noise
33716000,-1,noise
33716011,-1,noise
33714659,-1,noise
33990002,-1,noise
33726010,-1,noise
33721200,-1,noise
33726250,-1,noise
33044001,-1,noise
13017971,-1,noise
1301200,-1,noise
240006,-1,noise
240147,-1,noise
240005,-1,noise
20002,-1,noise
250300,-1,noise
250225,-1,noise
240095,-1,noise
39909000,-1,noise
240001,-1,noise
13055687,-1,noise
13066073,-1,noise
13073A,-1,noise
13084212,-1,noise
1301058,-1,noise
130813,-1,noise
33027500,-1,noise
39000190,-1,noise
39000933,-1,noise
39000200,-1,noise
39000210,-1,noise
34751220,-1,noise
270001,-1,noise
30113040,-1,noise
290208,-1,noise
34664021,-1,noise
34200010,-1,noise
SP10055,-1,noise
SP10052,-1,noise
39630716,-1,noise
20130,-1,noise
33010000,-1,noise
35213905,-1,noise
32200100,-1,noise
32110150,-1,noise
32020080,-1,noise
32002090,-1,noise
32113160,-1,noise
250006,-1,noise
32300000,-1,noise
32440000,-1,noise
250022,-1,noise
207900042,-1,noise
250330,-1,noise
32860000,-1,noise
32870000,-1,noise
32790030,-1,noise
32500002,-1,noise
32500000,-1,noise
39000230,-1,noise
620104,-1,noise
86690,-1,noise
38518007,-1,noise
SP2616,-1,noise
207900026,-1,noise
38746931,-1,noise
39000240,-1,noise
220187,-1,noise
220335,-1,noise
220609,-1,noise
21829,-1,noise
13055574,-1,noise
13039I3,-1,noise
1303912,-1,noise
1303924,-1,noise
13001191,-1,noise
13034IN,-1,noise
13034SW,-1,noise
25864085,-1,noise
130358,-1,noise
91245630,-1,noise
9120911,-1,noise
31030001,-1,noise
31031002,-1,noise
31001001,-1,noise
31010000,-1,noise
34400295,-1,noise
290035,-1,noise
SP222,-1,noise
20074,-1,noise
39630718,-1,noise
86334,-1,noise
20110,-1,noise
13208775,-1,noise
22240,-1,noise
22247,-1,noise
22246,-1,noise
20511,-1,noise
132019,-1,noise
20330,-1,noise
39000271,-1,noise
250503,-1,noise
13177185,-1,noise
250040,-1,noise
13123024,-1,noise
131771,-1,noise
20140,-1,noise
32200490,-1,noise
32200300,-1,noise
45031250,-1,noise
13208255,-1,noise
39000280,-1,noise
290110,-1,noise
290240,-1,noise
290202,-1,noise
290241,-1,noise
22250,-1,noise
290201,-1,noise
240016,-1,noise
1311768,-1,noise
1311908,-1,noise
132192,-1,noise
39000360,-1,noise
39000335,-1,noise
20011,-1,noise
39000380,-1,noise
132991,-1,noise
47072080,-1,noise
13208B,-1,noise
13172012,-1,noise
13210SB,-1,noise
13192PK,-1,noise
13192999,-1,noise
13045A,-1,noise
13045D,-1,noise
1303011,-1,noise
22019019,-1,noise
74153,-1,noise
144299,-1,noise
144204,-1,noise
84940,-1,noise
190130,-1,noise
1329914,-1,noise
90271131,-1,noise
84450,-1,noise
190163,-1,noise
20306,-1,noise
96537379,-1,noise
5013062,-1,noise
190096,-1,noise
920228,-1,noise
410064,-1,noise
410069,-1,noise
999998,-1,noise
86130,-1,noise
240067,-1,noise
240011,-1,noise
22228994,-1,noise
390222,-1,noise
392001,-1,noise
293030,-1,noise
138724,-1,noise
188368,-1,noise
A6,-1,noise
10201,-1,noise
77533360,-1,noise
10202,-1,noise
19291,-1,noise
968206,-1,noise
1478,-1,noise
78545000,-1,noise
78545600,-1,noise
32110,-1,noise
20144A,-1,noise
98009980,-1,noise
450021,-1,noise
31690,-1,noise
620894,-1,noise
620105,-1,noise
97725830,-1,noise
82340,-1,noise
81340,-1,noise
598023,-1,noise
904535,-1,noise
10389980,-1,noise
10371310,-1,noise
91160134,-1,noise
22305,-1,noise
12120,-1,noise
720797,-1,noise
620007,-1,noise
908105,-1,noise
590004,-1,noise
233055,-1,noise
45074700,-1,noise
45129990,-1,noise
161010,-1,noise
250010,-1,noise
190224,-1,noise
250250,-1,noise
45081061,-1,noise
45083350,-1,noise
45081060,-1,noise
45071830,-1,noise
45081560,-1,noise
450799809,-1,noise
82000,-1,noise
82170,-1,noise
17151002,-1,noise
17119984,-1,noise
17111120,-1,noise
17111130,-1,noise
164117,-1,noise
17325381,-1,noise
160009,-1,noise
161002,-1,noise
164098,-1,noise
168001,-1,noise
160419,-1,noise
17213690,-1,noise
165001,-1,noise
164005,-1,noise
17111876,-1,noise
161003,-1,noise
17113680,-1,noise
160811,-1,noise
17091177,-1,noise
168004,-1,noise
160001,-1,noise
160280,-1,noise
207900011,-1,noise
17193574,-1,noise
17131090,-1,noise
167050,-1,noise
54963,-1,noise
250005,-1,noise
250003,-1,noise
250270,-1,noise
250001,-1,noise
299025,-1,noise
84520,-1,noise
82552,-1,noise
85250,-1,noise
84280,-1,noise
90609,-1,noise
92280100,-1,noise
18062765,-1,noise
626789,-1,noise
20018996,-1,noise
20018994,-1,noise
20018999,-1,noise
20018990,-1,noise
1832602Z,-1,noise
20019000,-1,noise
20023,-1,noise
20027,-1,noise
9116902,-1,noise
95180,-1,noise
10140,-1,noise
900222,-1,noise
906004,-1,noise
906006,-1,noise
83631,-1,noise
35,-1,noise
92401900,-1,noise
624894,-1,noise
621234,-1,noise
25252,-1,noise
174061,-1,noise
78332219,-1,noise
170000,-1,noise
11033334,-1,noise
97031,-1,noise
43461301,-1,noise
711612,-1,noise
720575,-1,noise
95405,-1,noise
112999,-1,noise
20383,-1,noise
20385,-1,noise
50PT19,-1,noise
224411,-1,noise
38447600,-1,noise
38116066,-1,noise
220831,-1,noise
98031640,-1,noise
99992,-1,noise
71200,-1,noise
911681,-1,noise
9020184,-1,noise
90273,-1,noise
94016,-1,noise
84341,-1,noise
84340,-1,noise
920231,-1,noise
96374740,-1,noise
920220,-1,noise
22010,-1,noise
96033,-1,noise
78522219,-1,noise
9620217,-1,noise
91021,-1,noise
90342015,-1,noise
911685,-1,noise
90342018,-1,noise
501387,-1,noise
13946A,-1,noise
139161,-1,noise
38100141,-1,noise
14036AN,-1,noise
13968862,-1,noise
38230061,-1,noise
38278703,-1,noise
38221330,-1,noise
38231349,-1,noise
38219903,-1,noise
38524250,-1,noise
28705000,-1,noise
28721217,-1,noise
13939A,-1,noise
22251,-1,noise
2000B,-1,noise
139765,-1,noise
34065,-1,noise
38500000,-1,noise
38516709,-1,noise
38569900,-1,noise
38553017,-1,noise
38529000,-1,noise
38895950,-1,noise
38760180,-1,noise
28175459,-1,noise
20472,-1,noise
13920999,-1,noise
13968863,-1,noise
1402906,-1,noise
38570200,-1,noise
38760185,-1,noise
13912594,-1,noise
97425840,-1,noise
13946,-1,noise
97375840,-1,noise
97445840,-1,noise
34080,-1,noise
34075,-1,noise
13914,-1,noise
13920550,-1,noise
13968985,-1,noise
13968,-1,noise
14014,-1,noise
13928878,-1,noise
38801629,-1,noise
38918413,-1,noise
13918,-1,noise
13991,-1,noise
13920554,-1,noise
34081,-1,noise
34045,-1,noise
34043,-1,noise
38944590,-1,noise
38910730,-1,noise
38910801,-1,noise
38325250,-1,noise
13917,-1,noise
38569800,-1,noise
34048,-1,noise
10261390,-1,noise
701758,-1,noise
70860,-1,noise
70880,-1,noise
61071,-1,noise
61040,-1,noise
71840,-1,noise
78371529,-1,noise
53152,-1,noise
80159000,-1,noise
80568490,-1,noise
80245040,-1,noise
80149800,-1,noise
80778900,-1,noise
80336700,-1,noise
80336900,-1,noise
80300020,-1,noise
78595829,-1,noise
78391529,-1,noise
80210,-1,noise
78391789,-1,noise
80457890,-1,noise
80719000,-1,noise
80364100,-1,noise
80314000,-1,noise
80608000,-1,noise
81080057,-1,noise
80772500,-1,noise
80521000,-1,noise
900002,-1,noise
95035020,-1,noise
9503524,-1,noise
70010,-1,noise
13700510,-1,noise
33080140,-1,noise
91110,-1,noise
905300,-1,noise
97185750,-1,noise
15023794,-1,noise
15023795,-1,noise
15031000,-1,noise
15021003,-1,noise
15021875,-1,noise
15023600,-1,noise
15021144,-1,noise
15023810,-1,noise
15021130,-1,noise
141003,-1,noise
144016,-1,noise
124001,-1,noise
16054541,-1,noise
16051055,-1,noise
13185004,-1,noise
16055066,-1,noise
16053896,-1,noise
16053746,-1,noise
13185013,-1,noise
16051590,-1,noise
16051070,-1,noise
16053770,-1,noise
16051074,-1,noise
144972,-1,noise
71206,-1,noise
70810,-1,noise
83482,-1,noise
212341,-1,noise
21234T,-1,noise
SP546,-1,noise
81200,-1,noise
21226,-1,noise
21249,-1,noise
90101,-1,noise
2122410,-1,noise
212321,-1,noise
21201A,-1,noise
74044360,-1,noise
74014369,-1,noise
74994369,-1,noise
74114360,-1,noise
74131105,-1,noise
74524759,-1,noise
74111501,-1,noise
74114759,-1,noise
74191109,-1,noise
74204370,-1,noise
74202579,-1,noise
74111500,-1,noise
74161109,-1,noise
74169989,-1,noise
74145679,-1,noise
74145589,-1,noise
74709989,-1,noise
74514759,-1,noise
74553489,-1,noise
74564360,-1,noise
74825409,-1,noise
74229985,-1,noise
74241529,-1,noise
74275199,-1,noise
74319989,-1,noise
74312009,-1,noise
74335529,-1,noise
74791387,-1,noise
74335539,-1,noise
74365559,-1,noise
74601387,-1,noise
74601509,-1,noise
74429989,-1,noise
74423947,-1,noise
74449980,-1,noise
74434999,-1,noise
74435569,-1,noise
74469980,-1,noise
74504360,-1,noise
74509981,-1,noise
74481109,-1,noise
74504399,-1,noise
74454369,-1,noise
74455030,-1,noise
74492109,-1,noise
74195829,-1,noise
74265829,-1,noise
80212500,-1,noise
74641645,-1,noise
900018,-1,noise
144110,-1,noise
44301940,-1,noise
141000,-1,noise
144002,-1,noise
44271010,-1,noise
140881,-1,noise
141002,-1,noise
141004,-1,noise
140389,-1,noise
280512,-1,noise
620138,-1,noise
40151330,-1,noise
37680203,-1,noise
18063765,-1,noise
97435840,-1,noise
SP801,-1,noise
SP1900,-1,noise
999410,-1,noise
231822,-1,noise
18066765,-1,noise
18065765,-1,noise
741727,-1,noise
740082,-1,noise
613408,-1,noise
82381440,-1,noise
83009980,-1,noise
97051900,-1,noise
82065810,-1,noise
4066,-1,noise
82115480,-1,noise
82112720,-1,noise
82127939,-1,noise
20262,-1,noise
20234,-1,noise
11081,-1,noise
75005829,-1,noise
75014369,-1,noise
75089989,-1,noise
75021739,-1,noise
75081789,-1,noise
51012,-1,noise
31800,-1,noise
99915015,-1,noise
410126,-1,noise
96384740,-1,noise
920230,-1,noise
220046,-1,noise
22PC15Z,-1,noise
97255700,-1,noise
97103106,-1,noise
34040,-1,noise
86692,-1,noise
903980,-1,noise
84203,-1,noise
82391,-1,noise
95138010,-1,noise
78482218,-1,noise
78484369,-1,noise
45032200,-1,noise
45001150,-1,noise
45011150,-1,noise
45021060,-1,noise
350245,-1,noise
18071014,-1,noise
190550,-1,noise
410073,-1,noise
900805,-1,noise
598243,-1,noise
23010000,-1,noise
990335,-1,noise
99034,-1,noise
20254,-1,noise
20263,-1,noise
97095,-1,noise
95190,-1,noise
369030,-1,noise
31932,-1,noise
83480,-1,noise
78134369,-1,noise
84370,-1,noise
84372,-1,noise
97415840,-1,noise
45041480,-1,noise
45043630,-1,noise
45049990,-1,noise
59,-1,noise
190777,-1,noise
190134,-1,noise
190075,-1,noise
140035,-1,noise
190250,-1,noise
144004,-1,noise
920210,-1,noise
91100,-1,noise
92200,-1,noise
84402,-1,noise
52023430,-1,noise
40045930,-1,noise
40045490,-1,noise
40041010,-1,noise
STORA,-1,noise
410074,-1,noise
410180,-1,noise
420040,-1,noise
83590,-1,noise
50141036,-1,noise
15073794,-1,noise
15041002,-1,noise
15071004,-1,noise
15041490,-1,noise
15041056,-1,noise
15041174,-1,noise
15043550,-1,noise
15043563,-1,noise
15041090,-1,noise
15043370,-1,noise
15044640,-1,noise
15043810,-1,noise
15043700,-1,noise
15041130,-1,noise
15041876,-1,noise
15042401,-1,noise
15041001,-1,noise
15042260,-1,noise
15041076,-1,noise
15045710,-1,noise
15041876,-1,noise
15241014,-1,noise
143010,-1,noise
143021,-1,noise
148860,-1,noise
144011,-1,noise
141010,-1,noise
148013,-1,noise
144515,-1,noise
141032,-1,noise
142110,-1,noise
143140,-1,noise
144199,-1,noise
140301,-1,noise
144015,-1,noise
148981,-1,noise
140009,-1,noise
207900013,-1,noise
390013,-1,noise
907512,-1,noise
9999985,-1,noise
88000,-1,noise
91195,-1,noise
88060,-1,noise
31801,-1,noise
96310,-1,noise
920208,-1,noise
920222,-1,noise
310543,-1,noise
907501,-1,noise
77115609,-1,noise
88030,-1,noise
82520,-1,noise
81090,-1,noise
30222,-1,noise
79011699,-1,noise
79011549,-1,noise
79075809,-1,noise
88130,-1,noise
340999,-1,noise
620075,-1,noise
750051,-1,noise
91097466,-1,noise
4707,-1,noise
408720,-1,noise
15029980,-1,noise
15029990,-1,noise
143001,-1,noise
900005,-1,noise
190045,-1,noise
60021350,-1,noise
70236C,-1,noise
SP111B,-1,noise
63942,-1,noise
97390,-1,noise
96061,-1,noise
900001,-1,noise
84630,-1,noise
145050,-1,noise
15223530,-1,noise
15223520,-1,noise
140089,-1,noise
15221164,-1,noise
15221024,-1,noise
15221876,-1,noise
15222401,-1,noise
15221130,-1,noise
140125,-1,noise
140045,-1,noise
44322090,-1,noise
44321300,-1,noise
44323350,-1,noise
44324430,-1,noise
140249,-1,noise
52311040,-1,noise
52015540,-1,noise
4097,-1,noise
96424740,-1,noise
31080,-1,noise
84660,-1,noise
990305,-1,noise
920295,-1,noise
990307,-1,noise
920296,-1,noise
920297,-1,noise
920301,-1,noise
920302,-1,noise
929304,-1,noise
84505,-1,noise
56005540,-1,noise
207900002,-1,noise
56001010,-1,noise
56004020,-1,noise
56004800,-1,noise
430152,-1,noise
191220,-1,noise
190049,-1,noise
742257,-1,noise
741011,-1,noise
625269,-1,noise
754018,-1,noise
623069,-1,noise
752700,-1,noise
724050,-1,noise
744005,-1,noise
744410,-1,noise
741285,-1,noise
754016,-1,noise
743024,-1,noise
89102,-1,noise
80772400,-1,noise
80803580,-1,noise
80240,-1,noise
80223,-1,noise
76001109,-1,noise
540351,-1,noise
80022,-1,noise
71204,-1,noise
81040,-1,noise
81050,-1,noise
76174369,-1,noise
76524360,-1,noise
76014170,-1,noise
76015809,-1,noise
76013499,-1,noise
76014750,-1,noise
76021459,-1,noise
76034979,-1,noise
76034369,-1,noise
76053509,-1,noise
76075452,-1,noise
76071649,-1,noise
76159989,-1,noise
76189989,-1,noise
76169989,-1,noise
96024,-1,noise
11500,-1,noise
17131160,-1,noise
22080200,-1,noise
94332800,-1,noise
96544551,-1,noise
25431,-1,noise
10183860,-1,noise
10181140,-1,noise
10173760,-1,noise
10174650,-1,noise
10191070,-1,noise
10194490,-1,noise
10209980,-1,noise
10214980,-1,noise
10461000,-1,noise
10504810,-1,noise
140077,-1,noise
240341,-1,noise
170006,-1,noise
15101214,-1,noise
15103694,-1,noise
15103794,-1,noise
15101012,-1,noise
15101011,-1,noise
15101024,-1,noise
15101874,-1,noise
15111876,-1,noise
15103354,-1,noise
15103563,-1,noise
95160,-1,noise
15101876,-1,noise
90282014,-1,noise
9028003,-1,noise
90280014,-1,noise
94184860,-1,noise
901343,-1,noise
9028017,-1,noise
96354740,-1,noise
84642,-1,noise
10030,-1,noise
19440034,-1,noise
84190,-1,noise
15203794,-1,noise
15205473,-1,noise
15201590,-1,noise
900035,-1,noise
18011010,-1,noise
48052080,-1,noise
181888,-1,noise
18188713,-1,noise
181885,-1,noise
180111,-1,noise
18188714,-1,noise
1803219,-1,noise
1818889,-1,noise
18040101,-1,noise
182014,-1,noise
182013,-1,noise
1822814,-1,noise
18210789,-1,noise
18210788,-1,noise
18212,-1,noise
18220NB,-1,noise
1786377,-1,noise
18229N,-1,noise
18228N,-1,noise
1899176,-1,noise
18190,-1,noise
18304,-1,noise
181811,-1,noise
1832980,-1,noise
18030,-1,noise
1832206,-1,noise
1832247,-1,noise
1838101,-1,noise
1832209Z,-1,noise
18363,-1,noise
1811080,-1,noise
18228MI,-1,noise
1823506,-1,noise
182292,-1,noise
18222734,-1,noise
1800194,-1,noise
18224885,-1,noise
18224757,-1,noise
1822680,-1,noise
18265,-1,noise
18204014,-1,noise
18215,-1,noise
96050,-1,noise
80773100,-1,noise
DIESEL,-1,noise
84221,-1,noise
80063,-1,noise
78419969,-1,noise
78422179,-1,noise
10001056,-1,noise
41129350,-1,noise
42301146,-1,noise
41501900,-1,noise
41218603,-1,noise
391036,-1,noise
43400693,-1,noise
41800700,-1,noise
41611480,-1,noise
41312400,-1,noise
311777,-1,noise
41611514,-1,noise
391990,-1,noise
311040,-1,noise
311121,-1,noise
971117598,-1,noise
41251060,-1,noise
971116598,-1,noise
43446678,-1,noise
97125740,-1,noise
43461240,-1,noise
43463001,-1,noise
41850200,-1,noise
41742400,-1,noise
311030,-1,noise
43400792,-1,noise
43485321,-1,noise
SP400,-1,noise
43478101,-1,noise
43468172,-1,noise
41422210,-1,noise
41723550,-1,noise
41723850,-1,noise
41404000,-1,noise
41404004,-1,noise
41531030,-1,noise
41561886,-1,noise
321122,-1,noise
11082,-1,noise
41445930,-1,noise
41385000,-1,noise
96735620,-1,noise
41701262,-1,noise
41320030,-1,noise
331001,-1,noise
43350712,-1,noise
11070,-1,noise
97665880,-1,noise
41609020,-1,noise
SP450,-1,noise
41430160,-1,noise
11045,-1,noise
48000124,-1,noise
48000123,-1,noise
207900019,-1,noise
41350050,-1,noise
41350040,-1,noise
41117200,-1,noise
11050,-1,noise
11080,-1,noise
43210012,-1,noise
11410,-1,noise
41300140,-1,noise
41300000,-1,noise
341122,-1,noise
11102,-1,noise
11104,-1,noise
SP4033,-1,noise
41802110,-1,noise
41803118,-1,noise
361118,-1,noise
11043,-1,noise
11042,-1,noise
371122,-1,noise
41802300,-1,noise
41802100,-1,noise
41801500,-1,noise
25250,-1,noise
610269,-1,noise
70000,-1,noise
85460,-1,noise
12100415,-1,noise
83430,-1,noise
17100513,-1,noise
20305041,-1,noise
21170270,-1,noise
23119999,-1,noise
24565468,-1,noise
29315000,-1,noise
37880501,-1,noise
5054,-1,noise
41704200,-1,noise
620112,-1,noise
620042,-1,noise
620113,-1,noise
620044,-1,noise
620114,-1,noise
620045,-1,noise
620046,-1,noise
620072,-1,noise
620116,-1,noise
620105,-1,noise
620117,-1,noise
620047,-1,noise
620048,-1,noise
620061,-1,noise
620053,-1,noise
620092,-1,noise
620101,-1,noise
620049,-1,noise
620050,-1,noise
41548910,-1,noise
67830100,-1,noise
61120202,-1,noise
65418060,-1,noise
11129,-1,noise
10442,-1,noise
62144704,-1,noise
61120021,-1,noise
61310500,-1,noise
61120020,-1,noise
11218776,-1,noise
63340040,-1,noise
11199E1,-1,noise
1121252,-1,noise
90013,-1,noise
11210682,-1,noise
11210675,-1,noise
11210679,-1,noise
68191800,-1,noise
11156801,-1,noise
11229015,-1,noise
1117480,-1,noise
11173GZ,-1,noise
63314040,-1,noise
68151008,-1,noise
61528092,-1,noise
64200194,-1,noise
61286802,-1,noise
68990770,-1,noise
62410020,-1,noise
62446160,-1,noise
410088,-1,noise
62437040,-1,noise
90006,-1,noise
62446170,-1,noise
68180050,-1,noise
90015,-1,noise
68585090,-1,noise
63348040,-1,noise
64151060,-1,noise
411864,-1,noise
1121253,-1,noise
30119980,-1,noise
30216040,-1,noise
30139980,-1,noise
30154940,-1,noise
30009980,-1,noise
80225012,-1,noise
86030,-1,noise
94907300,-1,noise
93507540,-1,noise
94711100,-1,noise
SP1050,-1,noise
SPV1052,-1,noise
SPV1053,-1,noise
99998,-1,noise
457091,-1,noise
457103,-1,noise
91279955,-1,noise
79113004,-1,noise
79113112,-1,noise
457018,-1,noise
79113111,-1,noise
84070,-1,noise
750120,-1,noise
22387890,-1,noise
12000500,-1,noise
138296,-1,noise
118350,-1,noise
168321,-1,noise
78204369,-1,noise
84501,-1,noise
906032,-1,noise
25251,-1,noise
620124,-1,noise
620125,-1,noise
312025,-1,noise
1242,-1,noise
84641,-1,noise
30354,-1,noise
94000,-1,noise
78682609,-1,noise
78459989,-1,noise
78441619,-1,noise
84651,-1,noise
84011,-1,noise
62070,-1,noise
12032670,-1,noise
83210,-1,noise
93009980,-1,noise
360049,-1,noise
91001530,-1,noise
390812,-1,noise
40029980,-1,noise
40039980,-1,noise
40009980,-1,noise
399026,-1,noise
52065540,-1,noise
451025,-1,noise
453110,-1,noise
72235648,-1,noise
72710001,-1,noise
451010,-1,noise
454103,-1,noise
451051,-1,noise
54043390,-1,noise
54055770,-1,noise
54041040,-1,noise
540099800,-1,noise
54055510,-1,noise
54001340,-1,noise
54035120,-1,noise
370006,-1,noise
54121470,-1,noise
54051580,-1,noise
54041010,-1,noise
54005110,-1,noise
54051360,-1,noise
54001640,-1,noise
54003610,-1,noise
54001010,-1,noise
54001280,-1,noise
54004870,-1,noise
930199800,-1,noise
54002960,-1,noise
64005390,-1,noise
64009200,-1,noise
64001640,-1,noise
450022,-1,noise
52184800,-1,noise
52299980,-1,noise
10001,-1,noise
10001,-1,noise
52004870,-1,noise
52005290,-1,noise
52101280,-1,noise
52003390,-1,noise
52174930,-1,noise
91206,-1,noise
620126,-1,noise
P118S5,-1,noise
501302,-1,noise
CS138027,-1,noise
99506,-1,noise
CS122615,-1,noise
84320,-1,noise
ZVMSVO2,-1,noise
ZVMSVO1,-1,noise
10416109,-1,noise
1397050,-1,noise
178615,-1,noise
13066064,-1,noise
13123026,-1,noise
11321400,-1,noise
