cluster,size,coherence
0,5,0.7642343521118165
1,7,0.31668009076799664
2,13,0.6814341422839042
3,5,0.8417142868041992
4,8,0.5837452071053642
5,5,0.6860552787780761
6,26,0.7145942570612981
7,6,0.758556874593099
8,5,0.6628664970397949
9,5,0.8618297576904297
10,5,0.6674534320831299
11,8,0.7499497958592006
12,9,0.655121750301785
13,5,0.875305461883545
14,7,0.7120661962599981
15,5,0.6810167312622071
16,8,0.7125094277518136
17,8,0.7360789435250419
18,9,0.7120290332370334
19,10,0.682932620578342
20,5,0.7406728744506836
21,6,0.6182959238688152
22,12,0.6588124361905184
23,12,0.7681477864583334
24,8,0.8829078674316406
25,5,0.8086148262023926
26,17,0.7266570259543026
27,7,0.8831629071916852
28,9,0.7281680107116699
29,12,0.7783724466959635
30,22,0.5800131925772795
31,5,0.9117680549621582
32,8,0.7305359159197126
33,9,0.6210459603203667
34,10,0.697091547648112
35,7,0.7163175855364118
36,19,0.6585395322208516
37,5,0.8828604698181153
38,6,0.7968422571818033
39,6,0.7592529932657878
40,6,0.7302717844645182
41,8,0.7546069281441825
42,6,0.7361977895100912
43,12,0.6419615312056108
44,6,0.7709770202636719
45,12,0.6285344904119318
46,7,0.8149010794503349
47,17,0.668235273922191
48,7,0.7661457970028832
49,11,0.6704085610129616
50,9,0.7782832251654731
51,9,0.7576369179619683
52,5,0.8778016090393066
53,6,0.7674201965332031
54,5,0.8042812347412109
55,6,0.7808843612670898
56,8,0.7081759316580636
57,7,0.8547899155389695
58,7,0.8873243786039806
59,5,0.8740989685058593
60,7,0.9532022022065663
61,17,0.7774606592514935
62,11,0.8294919100674716
63,15,0.6382032121930804
64,7,0.6230081830705915
65,5,0.7999906063079834
66,6,0.7370950698852539
67,42,0.689843508978477
68,5,0.8862887382507324
69,6,0.754344622294108
70,5,0.8207669258117676
71,36,0.6061676994202629
72,5,0.7746277809143066
73,6,0.5876014073689778
74,12,0.6854680379231771
75,12,0.7229240879868016
76,12,0.6875239285555753
77,8,0.7821194103785923
78,5,0.8487340927124023
79,18,0.7818639418658089
80,5,0.8186524391174317
81,7,0.6338464646112352
82,12,0.6211116675174597
83,6,0.7206546783447265
84,21,0.8888608660016741
85,20,0.724776177657278
86,7,0.749897457304455
87,9,0.8494284947713217
88,6,0.8128089269002279
89,12,0.6688321431477865
90,10,0.6583801693386502
91,6,0.755717404683431
92,15,0.7619806925455729
93,9,0.6892933315700955
94,6,0.7539605458577474
95,5,0.8238194465637207
96,10,0.6532520718044705
97,6,0.7384548823038737
98,6,0.8146412531534831
99,7,0.7925553094773066
100,20,0.6690501965974507
101,11,0.7401761141690341
102,16,0.6501190185546875
103,15,0.7067898704892113
104,12,0.7086519183534564
105,12,0.6131090106386127
106,7,0.6842257181803385
107,12,0.7599149761777936
108,7,0.8546207972935268
109,7,0.7477244422549293
110,5,0.7319360256195069
111,9,0.767988469865587
112,12,0.8305498758951823
113,5,0.6817770957946777
114,6,0.8704701105753581
115,14,0.7662422264015282
116,8,0.8408607755388532
117,12,0.8658683083274148
118,23,0.6812439567957942
119,7,0.8963321504138765
120,9,0.9107526143391927
121,5,0.77689208984375
122,5,0.8024485588073731
123,52,0.7277650674903375
124,14,0.7783694424472012
125,5,0.8365776062011718
126,13,0.7530862368070163
127,18,0.7456526912115757
128,7,0.7358624594552177
129,34,0.7157824511196524
130,14,0.7640802572061728
131,6,0.7797557195027669
132,5,0.7444285392761231
133,8,0.9882740293230329
134,10,0.8467969258626302
135,22,0.8209241726697781
136,8,0.7259754453386579
137,6,0.7796806971232096
138,8,0.791689259665353
139,12,0.8605452450838956
140,13,0.6410477467072315
141,5,0.8418968200683594
142,10,0.763193851047092
143,8,0.8036153657095773
144,7,0.8603723616827101
145,14,0.7049308189978967
146,7,0.6538947423299154
147,11,0.7716214266690341
148,12,0.6819469567501184
149,10,0.6992437998453777
150,5,0.8241470336914063
151,7,0.7764351254417783
152,12,0.7800306262391986
153,9,0.8123981687757704
154,10,0.8604517618815104
155,8,0.6846373421805245
156,15,0.8159788585844494
157,11,0.8523133017800071
158,5,0.8340556144714355
159,8,0.7711965015956334
160,15,0.790159897577195
161,12,0.7122423576586174
162,7,0.8224994114467076
163,10,0.7610327826605903
164,10,0.7867999606662326
165,6,0.863950538635254
166,6,0.7674655914306641
167,7,0.7961734590076265
168,9,0.8436741828918457
169,72,0.7589087926539271
170,11,0.9057554071599787
171,7,0.9587233407156808
172,11,0.9333081332120028
173,7,0.958643050420852
174,23,0.6938650259387352
175,5,0.7276514053344727
176,10,0.657015143500434
177,14,0.7952510288783482
178,6,0.752206293741862
179,13,0.7672704549936148
180,6,0.7568639119466146
181,38,0.7428592340027116
182,5,0.8835371017456055
183,5,0.8233625411987304
184,7,0.8257650647844587
185,9,0.8385338253445096
186,6,0.8241207758585612
187,13,0.7215321858723959
188,6,0.8692580540974935
189,6,0.8578922271728515
190,6,0.8385444641113281
191,15,0.8613683791387649
192,5,0.8184454917907715
193,6,0.7234017690022786
194,6,0.8236275355021159
195,8,0.8077225685119629
196,7,0.9074191138857887
197,5,0.9097731590270997
198,9,0.8703775405883789
199,6,0.9168827692667644
200,11,0.7423589533025569
201,14,0.9261742895776099
202,28,0.9144953974971065
203,5,0.8367582321166992
204,5,0.8168820381164551
205,5,0.8699844360351563
206,32,0.7013517810452369
207,7,0.8457963126046317
208,11,0.7364056673916903
209,5,0.8364048004150391
210,7,0.8675187428792318
211,7,0.8773976280575707
212,7,0.7684507824125744
213,6,0.8650624593098958
214,26,0.8687872783954327
215,5,0.779294490814209
216,14,0.6911644988007598
217,8,0.7941111155918666
218,5,0.8620489120483399
219,17,0.8121793410357308
220,6,0.8421671549479167
221,114,0.7985776543820835
222,15,0.9381883893694196
223,8,0.8195452008928571
224,5,0.8148866653442383
225,32,0.8940494906517767
226,15,0.7326549711681548
227,8,0.8065178053719657
228,17,0.7126087861902574
229,5,0.7695442199707031
230,26,0.79974853515625
231,13,0.6924730936686198
232,5,0.898460578918457
233,12,0.7757819204619436
234,5,0.9024991989135742
235,10,0.7465773688422309
236,5,0.9236965179443359
237,5,0.9318381309509277
238,6,0.8265513102213542
239,9,0.8055535422431098
240,23,0.7504686197273345
241,6,0.8803110122680664
242,7,0.8033342815580822
243,6,0.9456377665201823
244,8,0.9398374557495117
245,11,0.8989280007102273
246,17,0.9310099657844094
247,6,0.9473732630411784
248,40,0.8087286533453526
249,17,0.7534193151137408
250,5,0.8014082908630371
251,10,0.8475235833062066
252,14,0.7322466504442823
253,6,0.9300670623779297
254,5,0.8505697250366211
255,5,0.8470008850097657
256,11,0.8144759438254616
257,6,0.9687149683634441
258,17,0.7552328109741211
259,6,0.7072059631347656
260,5,0.7523079872131347
261,7,0.8255969456263951
262,20,0.7405347322162829
263,7,0.7360602787562779
264,5,0.8752107620239258
265,8,0.8884623391287667
266,7,0.8956505911690849
267,10,0.8689800686306424
268,5,0.8483917236328125
269,7,0.8977541242327008
270,6,0.9211333592732748
271,6,0.8089467366536458
272,6,0.8648951212565105
273,14,0.8442932799622253
274,7,0.8462958562941778
275,6,0.7931923548380534
276,10,0.8421090867784288
277,7,0.6439602261497861
278,6,0.777130126953125
279,6,0.8466943105061849
280,12,0.8359957030325225
281,12,0.831225366303415
282,25,0.8943280029296875
283,10,0.9121044582790798
284,6,0.9380234400431315
285,13,0.7742577088184845
286,7,0.8157815479096913
287,15,0.7940144856770833
288,9,0.8532151116265191
289,8,0.8066763877868652
290,10,0.8885959201388889
291,9,0.8163955476548936
292,12,0.8425698135838364
293,19,0.8093615080180921
294,13,0.7477318201309595
295,8,0.8387775421142578
296,12,0.9129016760623816
297,5,0.8469907760620117
298,5,0.9417483329772949
299,16,0.7495251337687174
300,51,0.8030217428768383
301,57,0.9262574465950031
302,9,0.9587510426839193
303,13,0.9638082064115084
304,22,0.7731748638731061
305,6,0.9213862101236979
306,7,0.7859062013171968
307,14,0.8701930622478108
308,5,0.9321395874023437
309,5,0.8635251998901368
310,6,0.9526469548543294
311,25,0.9128516642252604
312,20,0.7918493170487253
313,42,0.7760344360209785
314,45,0.9145271686592488
315,5,0.9523561477661133
316,14,0.7995667509980254
317,13,0.9032448010566907
318,12,0.9057022441517223
319,5,0.9509511947631836
320,43,0.7680198356822744
321,6,0.9030335744222006
322,5,0.9020459175109863
323,14,0.7738141070355425
324,92,0.7360188957611682
325,17,0.7754642262178308
326,9,0.8654949400160048
327,18,0.7098104938182955
328,15,0.8765016101655506
329,11,0.918711991743608
330,92,0.7770832788984113
331,59,0.8122347414249708
332,35,0.8414379985392595
333,14,0.9083594018286401
334,7,0.883768808274042
335,6,0.9143566131591797
336,15,0.6242450532459077
337,6,0.7814025243123373
338,8,0.9196667671203613
339,18,0.8801552766288807
340,16,0.8676841100056966
341,13,0.8217878097142929
342,15,0.8778521583193825
343,14,0.9224161001352164
344,13,0.7560989673321064
345,33,0.8907269564541903
346,5,0.9646634101867676
347,27,0.8553002512353098
348,7,0.9672718048095703
349,15,0.9623090471540179
350,39,0.818806307196778
351,26,0.8878977614182693
352,11,0.876197676225142
353,17,0.8483517590691062
354,6,0.8855789184570313
355,14,0.9213313846797734
356,10,0.97010743882921
357,6,0.8543708801269532
358,12,0.8238363554983428
359,5,0.9176195144653321
360,11,0.9150446111505682
361,10,0.9272821214463975
362,17,0.7846026701085708
363,8,0.728968620300293
364,14,0.8112581693209134
365,7,0.9558062780471075
366,5,0.9514432907104492
367,19,0.913328828867416
368,5,0.9216947555541992
369,41,0.8479099180640244
370,7,0.9456203097388858
371,22,0.9243408467346456
372,24,0.8509370002193727
373,20,0.9211030658922698
374,31,0.8945934008526546
375,5,0.8101922035217285
376,15,0.8814323061988467
377,6,0.8049674987792969
378,20,0.8678463584498355
379,13,0.8094369937212039
380,6,0.9402711868286133
381,5,0.9453997611999512
382,25,0.8652546183268229
383,5,0.9438043594360351
384,20,0.8477495695415296
385,6,0.8972611745198568
386,61,0.8870031804986339
387,7,0.9169928232828776
388,60,0.8549085369217867
389,15,0.9352866036551339
390,12,0.9433682759602865
391,15,0.8132460094633557
392,8,0.8325926916939872
393,21,0.8362593877883184
394,23,0.8668783436650815
395,13,0.8188396845108423
396,13,0.812214582394331
397,5,0.8995898246765137
398,9,0.9860426584879557
399,10,0.9036037021213108
400,8,0.9296379089355469
401,18,0.7881304672340942
402,8,0.837339060647147
403,22,0.7822484928808171
404,6,0.7902124404907227
405,25,0.6791435241699219
406,16,0.7113363901774089
407,8,0.8294601440429688
408,9,0.9004046122233073
409,33,0.7456981774532434
410,5,0.933475112915039
411,16,0.8096151351928711
412,22,0.900514809084145
413,8,0.8011179651532855
414,5,0.8764678955078125
415,21,0.8346718924386161
416,8,0.9094339098249163
417,23,0.9267578728114192
418,6,0.9779017130533855
419,5,0.9028802871704101
420,6,0.8435417811075846
421,5,0.8857973098754883
422,8,0.8060928072248187
423,29,0.7433829471982759
424,11,0.8384386929598722
425,25,0.8829133097330729
426,21,0.7723637172154018
427,22,0.7076102252646442
428,8,0.8331218447004046
429,5,0.8727718353271484
430,41,0.6826113817168445
431,11,0.8118966536088423
432,9,0.9159614774915907
433,7,0.9022122337704613
434,12,0.8253755280465791
435,5,0.8581232070922852
436,5,0.889792537689209
437,6,0.8602134704589843
438,5,0.8721390724182129
439,10,0.8512176513671875
440,17,0.8209018707275391
441,21,0.7924477713448661
442,5,0.8504205703735351
443,6,0.8766606648763021
444,6,0.9063099543253581
445,11,0.9564646634188565
446,52,0.6811076951062877
447,9,0.870732413397895
448,17,0.8430940964642692
449,21,0.7890466599237351
450,5,0.9776559829711914
451,6,0.8308029174804688
452,9,0.8004773457845052
453,5,0.8374517440795899
454,10,0.7804718865288629
455,6,0.8382828394571941
456,6,0.9049128850301107
457,8,0.8338984080723354
458,32,0.8110730571131552
459,33,0.7932111566716974
460,22,0.7815791538783482
461,25,0.7140918477376302
462,11,0.7830922213467685
463,25,0.7087481689453125
464,21,0.7717603410993303
465,5,0.9166964530944824
466,5,0.7323848247528076
467,5,0.8838850021362304
468,45,0.6554518574416035
469,10,0.8086529201931424
470,15,0.7595123291015625
471,6,0.8771113713582357
472,8,0.8636331558227539
473,9,0.8474617534213595
474,5,0.8753936767578125
475,5,0.889621353149414
476,14,0.8119184892256182
477,9,0.9477888743082682
478,11,0.9000918995250355
479,17,0.8824722626629997
480,11,0.830156777121804
481,7,0.9398564838227772
482,12,0.9401156107584635
483,5,0.9292171478271485
484,5,0.9179426193237304
485,7,0.9389078049432664
486,17,0.7931299770579618
487,7,0.9494510832287016
488,10,0.9416207207573785
489,18,0.7208708220837163
490,39,0.9068862153129217
491,38,0.936566153427276
492,6,0.8688597361246745
493,5,0.9061138153076171
494,7,0.8143998100644066
495,5,0.8484865188598633
496,18,0.8916592068142362
497,11,0.7916752901944247
498,11,0.775875577059659
499,13,0.8112156207744892
500,9,0.9175874922010634
501,9,0.796340094672309
502,5,0.9128026962280273
503,7,0.9026107788085938
504,8,0.8830757822309222
505,6,0.8348812739054362
506,5,0.9351734161376953
507,22,0.8797660926719765
508,5,0.6990972995758057
509,6,0.9608524322509766
510,14,0.8853940858945741
511,9,0.9028426276312934
512,28,0.8315428880156663
513,6,0.9143576939900716
514,5,0.9735653877258301
515,18,0.8630372091056475
516,22,0.8585459391276041
517,7,0.8370423089890253
518,44,0.8614789708724233
519,9,0.89130613538954
520,11,0.9400373979048295
521,5,0.9456959724426269
522,11,0.9485953591086648
523,5,0.7242176055908203
524,14,0.8322140201107486
525,11,0.9751681241122159
526,26,0.8580320387620193
527,6,0.8328384399414063
528,8,0.8028439113071987
529,5,0.909972095489502
530,6,0.9384651184082031
531,5,0.9373361587524414
532,9,0.912542978922526
533,15,0.8323065621512277
534,7,0.9707943144298735
535,10,0.9352218627929687
536,9,0.9766962263319228
537,5,0.9747146606445313
538,27,0.9096238008591524
539,15,0.9486969720749628
540,17,0.9542957754696116
541,7,0.9640650976271856
542,8,0.887444087437221
543,16,0.9054069519042969
544,16,0.9444083531697591
545,12,0.9471005526455966
546,8,0.9717493738446917
547,6,0.9747088750203451
548,12,0.9719524961529356
549,5,0.9633349418640137
550,6,0.9660260518391927
551,6,0.9844866434733073
552,9,0.9738197326660156
553,11,0.9742455222389915
554,5,0.9148695945739747
555,6,0.9659123102823893
556,8,0.9600752421787807
557,9,0.9267438252766927
558,5,0.986295509338379
559,9,0.946229510837131
560,15,0.8783827282133556
561,12,0.9468470486727628
562,11,0.9704693880948153
563,8,0.9783836092267718
564,31,0.9281003234206989
565,7,0.9486034938267299
566,18,0.9610603681576797
567,6,0.9759077072143555
568,9,0.9794659084743924
569,7,0.9826996212913877
570,6,0.9643113454182942
571,6,0.9881742477416993
572,11,0.9557131680575284
573,12,0.9747551426743016
574,8,0.969632625579834
575,9,0.9611545138888888
576,12,0.947081825949929
577,14,0.9408083905230512
578,12,0.953290997129498
579,12,0.9568781997218276
580,13,0.9604901044796674
581,5,0.9652633666992188
